faction_key,variant,n_cards,cost,normative_value,worth_W,worth_stage1_best,obs_mean_W,obs_best_W,gain_vs_avg_build_logit,gain_vs_avg_build_prob_at_50pct,n_source_corps,n_train_games,milp_status
britain,free,16,9992,10085,0.6952,0.7074,0.4747,0.6708,0.2205,0.0549,0,41,s1:0 s2:0
britain,4corps,16,9992,10085,0.6952,0.7074,0.4747,0.6708,0.2205,0.0549,0,41,s1:0 s2:0
denmark,free,30,9997,11359,0.7101,0.7287,0.5072,0.7021,0.2029,0.0505,0,72,s1:0 s2:0
denmark,4corps,30,9997,11359,0.7101,0.7287,0.5072,0.7021,0.2029,0.0505,0,72,s1:0 s2:0
france,free,26,9993,13762,0.8472,0.8594,0.4688,0.7332,0.3785,0.0935,0,62,s1:0 s2:0
france,4corps,26,9993,13762,0.8472,0.8594,0.4688,0.7332,0.3785,0.0935,0,62,s1:0 s2:0
ntw3_hre,free,28,9993,12929,0.809,0.8264,0.5234,0.7365,0.2856,0.0709,0,111,s1:0 s2:0
ntw3_hre,4corps,28,9993,12929,0.809,0.8264,0.5234,0.7365,0.2856,0.0709,0,111,s1:0 s2:0
ntw3_tow_a03_x8_032,free,28,10000,13427,1.0084,1.0206,0.5581,0.9266,0.4503,0.1107,4,208,s1:0 s2:0
ntw3_tow_a03_x8_032,4corps,28,10000,13427,1.0084,1.0206,0.5581,0.9266,0.4503,0.1107,4,208,s1:0 s2:0
ntw3_tow_a03_x8_033,free,28,10000,13376,0.8504,0.8626,0.4047,0.8016,0.4457,0.1096,4,126,s1:0 s2:0
ntw3_tow_a03_x8_033,4corps,28,10000,13376,0.8504,0.8626,0.4047,0.8016,0.4457,0.1096,4,126,s1:0 s2:0
ntw3_tow_a03_x8_038,free,15,10000,7201,0.4426,0.4548,0.3416,0.4504,0.101,0.0252,1,5,s1:0 s2:0
ntw3_tow_a03_x8_038,4corps,15,10000,7201,0.4426,0.4548,0.3416,0.4504,0.101,0.0252,1,5,s1:0 s2:0
ntw3_tow_a03_x8_040,free,27,10000,10236,0.5741,0.5917,0.4648,0.5565,0.1094,0.0273,1,35,s1:0 s2:0
ntw3_tow_a03_x8_040,4corps,27,10000,10236,0.5741,0.5917,0.4648,0.5565,0.1094,0.0273,1,35,s1:0 s2:0
ntw3_tow_a04_x8_005,free,20,9996,13758,0.8576,0.8698,0.3817,0.7818,0.4758,0.1168,4,96,s1:0 s2:0
ntw3_tow_a04_x8_005,4corps,20,9996,13758,0.8576,0.8698,0.3817,0.7818,0.4758,0.1168,4,96,s1:0 s2:0
ntw3_tow_a05_x8_001,free,26,9991,16507,0.8417,0.8539,0.4443,0.6915,0.3975,0.0981,4,106,s1:0 s2:0
ntw3_tow_a05_x8_001,4corps,26,9991,16507,0.8417,0.8539,0.4443,0.6915,0.3975,0.0981,4,106,s1:0 s2:0
ntw3_tow_a05_x8_004,free,25,9998,9547,0.6904,0.7011,0.2525,0.6413,0.4379,0.1078,4,37,s1:0 s2:0
ntw3_tow_a05_x8_004,4corps,25,9998,9547,0.6904,0.7011,0.2525,0.6413,0.4379,0.1078,4,37,s1:0 s2:0
ntw3_tow_a06_x8_002,free,28,9993,19314,1.0384,1.0506,0.4747,0.81,0.5637,0.1373,9,71,s1:0 s2:0
ntw3_tow_a06_x8_002,4corps,28,9998,18703,1.0306,1.0506,0.4747,0.81,0.5559,0.1355,4,71,s1:0 s2:0
ntw3_tow_a08_x8_047,free,31,10000,15339,1.0418,1.054,0.398,0.8845,0.6437,0.1556,7,391,s1:0 s2:0
ntw3_tow_a08_x8_047,4corps,31,9998,15022,1.04,1.054,0.398,0.8845,0.642,0.1552,4,391,s1:0 s2:0
ntw3_tow_a09_x8_021,free,31,10000,15658,0.9916,1.0109,0.3889,0.8871,0.6027,0.1463,6,183,s1:0 s2:0
ntw3_tow_a09_x8_021,4corps,31,9990,15608,0.9916,1.0109,0.3889,0.8871,0.6027,0.1463,4,183,s1:0 s2:0
ntw3_tow_a11_x8_027,free,24,9998,9122,0.7937,0.8059,0.248,0.7083,0.5456,0.1331,4,47,s1:0 s2:0
ntw3_tow_a11_x8_027,4corps,24,9998,9122,0.7937,0.8059,0.248,0.7083,0.5456,0.1331,4,47,s1:0 s2:0
ntw3_tow_a11_x8_028,free,31,9999,16065,1.2212,1.2393,0.4871,1.2202,0.7342,0.1757,7,198,s1:0 s2:0
ntw3_tow_a11_x8_028,4corps,31,10000,15814,1.2212,1.2393,0.4871,1.2202,0.7342,0.1757,4,198,s1:0 s2:0
ntw3_tow_a11_x8_029,free,28,9999,9992,0.8313,0.844,0.3685,0.6787,0.4627,0.1137,3,67,s1:0 s2:0
ntw3_tow_a11_x8_029,4corps,28,9999,9992,0.8313,0.844,0.3685,0.6787,0.4627,0.1137,3,67,s1:0 s2:0
ntw3_tow_a12_x8_003,free,31,9999,13795,1.111,1.1232,0.3739,0.8523,0.7371,0.1764,8,323,s1:0 s2:0
ntw3_tow_a12_x8_003,4corps,31,9997,13387,1.1137,1.1232,0.3739,0.8523,0.7398,0.177,4,323,s1:0 s2:0
ntw3_tow_a13_x8_022,free,30,10000,12361,0.896,0.9144,0.369,0.823,0.527,0.1288,6,171,s1:0 s2:0
ntw3_tow_a13_x8_022,4corps,29,10000,12240,0.9022,0.9144,0.369,0.823,0.5332,0.1302,4,171,s1:0 s2:0
ntw3_tow_a17_x8_054,free,31,9999,13192,1.1509,1.1631,0.4245,0.9759,0.7264,0.174,6,341,s1:0 s2:0
ntw3_tow_a17_x8_054,4corps,31,10000,12934,1.1509,1.1631,0.4245,0.9759,0.7264,0.174,4,341,s1:0 s2:0
ntw3_tow_b03_x8_039,free,25,9995,12288,1.0899,1.1021,0.5321,0.9272,0.5577,0.1359,3,93,s1:0 s2:0
ntw3_tow_b03_x8_039,4corps,25,9995,12288,1.0899,1.1021,0.5321,0.9272,0.5577,0.1359,3,93,s1:0 s2:0
ntw3_tow_b03_x8_041,free,17,9997,6805,0.3157,0.3289,0.312,0.3157,0.0037,0.0009,1,4,s1:0 s2:0
ntw3_tow_b03_x8_041,4corps,17,9997,6805,0.3157,0.3289,0.312,0.3157,0.0037,0.0009,1,4,s1:0 s2:0
ntw3_tow_b03_x8_042,free,25,9997,9505,0.9842,0.9964,0.3486,0.6766,0.6356,0.1538,4,23,s1:0 s2:0
ntw3_tow_b03_x8_042,4corps,25,9997,9505,0.9842,0.9964,0.3486,0.6766,0.6356,0.1538,4,23,s1:0 s2:0
ntw3_tow_b03_x8_043,free,16,9991,8616,0.6359,0.6481,0.2451,0.4542,0.3909,0.0965,1,15,s1:0 s2:0
ntw3_tow_b03_x8_043,4corps,16,9991,8616,0.6359,0.6481,0.2451,0.4542,0.3909,0.0965,1,15,s1:0 s2:0
ntw3_tow_b04_x8_015,free,28,9995,13455,0.9134,0.9134,0.5066,0.8518,0.4069,0.1003,3,24,s1:0 s2:0
ntw3_tow_b04_x8_015,4corps,28,9995,13455,0.9134,0.9134,0.5066,0.8518,0.4069,0.1003,3,24,s1:0 s2:0
ntw3_tow_b04_x8_016,free,25,9995,11217,0.991,1.0032,0.4689,0.8103,0.522,0.1276,5,68,s1:0 s2:0
ntw3_tow_b04_x8_016,4corps,21,9997,11095,0.991,1.0032,0.4689,0.8103,0.522,0.1276,4,68,s1:0 s2:0
ntw3_tow_b05_x8_006,free,21,9998,12279,1.0472,1.0472,0.4355,0.8615,0.6117,0.1483,3,68,s1:0 s2:0
ntw3_tow_b05_x8_006,4corps,21,9998,12279,1.0472,1.0472,0.4355,0.8615,0.6117,0.1483,3,68,s1:0 s2:0
ntw3_tow_b05_x8_007,free,31,9996,11196,0.8608,0.873,0.324,0.6938,0.5368,0.1311,4,110,s1:0 s2:0
ntw3_tow_b05_x8_007,4corps,31,9996,11196,0.8608,0.873,0.324,0.6938,0.5368,0.1311,4,110,s1:0 s2:0
ntw3_tow_b06_x8_008,free,26,10000,12475,1.0069,1.0228,0.399,0.9317,0.6079,0.1475,5,138,s1:0 s2:0
ntw3_tow_b06_x8_008,4corps,27,9999,12231,1.0069,1.0228,0.399,0.9317,0.6079,0.1475,4,138,s1:0 s2:0
ntw3_tow_b06_x8_009,free,28,10000,13500,0.6581,0.6713,0.3044,0.5461,0.3537,0.0875,6,143,s1:0 s2:0
ntw3_tow_b06_x8_009,4corps,26,9999,13409,0.6581,0.6713,0.3044,0.5461,0.3537,0.0875,4,143,s1:0 s2:0
ntw3_tow_b07_x8_018,free,17,9998,9515,0.7614,0.7736,0.3689,0.7004,0.3925,0.0969,3,54,s1:0 s2:0
ntw3_tow_b07_x8_018,4corps,17,9998,9515,0.7614,0.7736,0.3689,0.7004,0.3925,0.0969,3,54,s1:0 s2:0
ntw3_tow_b08_x8_044,free,31,9999,14286,0.9996,1.0118,0.5069,0.9158,0.4927,0.1207,7,156,s1:0 s2:0
ntw3_tow_b08_x8_044,4corps,30,9996,14064,0.9996,1.0118,0.5069,0.9158,0.4927,0.1207,4,156,s1:0 s2:0
ntw3_tow_b08_x8_045,free,16,9997,7835,0.5302,0.5469,0.2731,0.4914,0.2571,0.0639,2,14,s1:0 s2:0
ntw3_tow_b08_x8_045,4corps,16,9997,7835,0.5302,0.5469,0.2731,0.4914,0.2571,0.0639,2,14,s1:0 s2:0
ntw3_tow_b08_x8_046,free,28,9999,11667,0.4368,0.4482,0.2358,0.3967,0.201,0.0501,2,10,s1:0 s2:0
ntw3_tow_b08_x8_046,4corps,28,9999,11667,0.4368,0.4482,0.2358,0.3967,0.201,0.0501,2,10,s1:0 s2:0
ntw3_tow_b09_x8_019,free,31,9998,12739,0.659,0.6719,0.3098,0.6218,0.3491,0.0864,4,127,s1:0 s2:0
ntw3_tow_b09_x8_019,4corps,31,9998,12739,0.659,0.6719,0.3098,0.6218,0.3491,0.0864,4,127,s1:0 s2:0
ntw3_tow_b09_x8_020,free,31,9996,12799,1.0181,1.0348,0.3675,0.8577,0.6506,0.1572,4,162,s1:0 s2:0
ntw3_tow_b09_x8_020,4corps,31,9996,12799,1.0181,1.0348,0.3675,0.8577,0.6506,0.1572,4,162,s1:0 s2:0
ntw3_tow_b10_x8_026,free,24,9999,10527,0.6862,0.7014,0.4062,0.569,0.28,0.0696,3,35,s1:0 s2:0
ntw3_tow_b10_x8_026,4corps,24,9999,10527,0.6862,0.7014,0.4062,0.569,0.28,0.0696,3,35,s1:0 s2:0
ntw3_tow_b11_x8_013,free,30,9997,13192,1.0896,1.1063,0.4333,0.9444,0.6564,0.1584,8,228,s1:0 s2:0
ntw3_tow_b11_x8_013,4corps,28,9997,13042,1.0931,1.1063,0.4333,0.9444,0.6599,0.1592,4,228,s1:0 s2:0
ntw3_tow_b11_x8_014,free,17,9999,12141,1.5041,1.5162,1.0037,1.5041,0.5003,0.1225,2,7,s1:0 s2:0
ntw3_tow_b11_x8_014,4corps,17,9999,12141,1.5041,1.5162,1.0037,1.5041,0.5003,0.1225,2,7,s1:0 s2:0
ntw3_tow_b12_x8_011,free,25,10000,9244,1.0233,1.0412,0.4998,1.0174,0.5236,0.128,4,44,s1:0 s2:0
ntw3_tow_b12_x8_011,4corps,25,10000,9244,1.0233,1.0412,0.4998,1.0174,0.5236,0.128,4,44,s1:0 s2:0
ntw3_tow_b12_x8_012,free,18,9997,12911,0.9423,0.9545,0.4279,0.7918,0.5144,0.1258,4,166,s1:0 s2:0
ntw3_tow_b12_x8_012,4corps,18,9997,12911,0.9423,0.9545,0.4279,0.7918,0.5144,0.1258,4,166,s1:0 s2:0
ntw3_tow_b13_x8_049,free,28,9997,14034,0.8644,0.8768,0.4005,0.7756,0.4638,0.1139,3,417,s1:0 s2:0
ntw3_tow_b13_x8_049,4corps,28,9997,14034,0.8644,0.8768,0.4005,0.7756,0.4638,0.1139,3,417,s1:0 s2:0
ntw3_tow_b13_x8_050,free,24,9999,9509,0.8979,0.9101,0.3344,0.6182,0.5635,0.1373,5,36,s1:0 s2:0
ntw3_tow_b13_x8_050,4corps,20,9990,9280,0.891,0.9101,0.3344,0.6182,0.5566,0.1357,4,36,s1:0 s2:0
ntw3_tow_b14_x8_031,free,18,9989,9129,0.9211,0.9405,0.4115,0.637,0.5096,0.1247,3,31,s1:0 s2:0
ntw3_tow_b14_x8_031,4corps,18,9989,9129,0.9211,0.9405,0.4115,0.637,0.5096,0.1247,3,31,s1:0 s2:0
ntw3_tow_b15_x8_052,free,31,10000,13225,1.3912,1.4034,0.6631,1.2661,0.7281,0.1744,3,90,s1:0 s2:0
ntw3_tow_b15_x8_052,4corps,31,10000,13225,1.3912,1.4034,0.6631,1.2661,0.7281,0.1744,3,90,s1:0 s2:0
ntw3_tow_b15_x8_053,free,26,9996,9446,0.8945,0.9067,0.4683,0.6631,0.4263,0.105,3,14,s1:0 s2:0
ntw3_tow_b15_x8_053,4corps,26,9996,9446,0.8945,0.9067,0.4683,0.6631,0.4263,0.105,3,14,s1:0 s2:0
ntw3_tow_b17_x8_055,free,23,9997,11715,0.8394,0.8516,0.3621,0.7007,0.4774,0.1171,3,81,s1:0 s2:0
ntw3_tow_b17_x8_055,4corps,23,9997,11715,0.8394,0.8516,0.3621,0.7007,0.4774,0.1171,3,81,s1:0 s2:0
ntw3_tow_b17_x8_056,free,30,10000,10794,1.0016,1.0206,0.4043,0.9641,0.5972,0.145,2,140,s1:0 s2:0
ntw3_tow_b17_x8_056,4corps,30,10000,10794,1.0016,1.0206,0.4043,0.9641,0.5972,0.145,2,140,s1:0 s2:0
ntw3_tow_b17_x8_057,free,24,9999,11427,1.0789,1.0911,0.4089,0.9995,0.67,0.1615,3,150,s1:0 s2:0
ntw3_tow_b17_x8_057,4corps,24,9999,11427,1.0789,1.0911,0.4089,0.9995,0.67,0.1615,3,150,s1:0 s2:0
ntw3_tow_c07_x8_017,free,19,9993,10333,0.9903,1.0068,0.4248,0.8805,0.5655,0.1377,3,8,s1:0 s2:0
ntw3_tow_c07_x8_017,4corps,19,9993,10333,0.9903,1.0068,0.4248,0.8805,0.5655,0.1377,3,8,s1:0 s2:0
ntw3_tow_c08_x8_048,free,20,9994,12882,1.3613,1.3805,0.6957,1.269,0.6656,0.1605,3,102,s1:0 s2:0
ntw3_tow_c08_x8_048,4corps,20,9994,12882,1.3613,1.3805,0.6957,1.269,0.6656,0.1605,3,102,s1:0 s2:0
ntw3_tow_c10_x8_025,free,29,9992,13375,0.6217,0.6412,0.3757,0.5762,0.2461,0.0612,4,67,s1:0 s2:0
ntw3_tow_c10_x8_025,4corps,29,9992,13375,0.6217,0.6412,0.3757,0.5762,0.2461,0.0612,4,67,s1:0 s2:0
ntw3_tow_c14_x8_030,free,19,9992,8480,0.727,0.7392,0.3577,0.6448,0.3693,0.0913,3,34,s1:0 s2:0
ntw3_tow_c14_x8_030,4corps,19,9992,8480,0.727,0.7392,0.3577,0.6448,0.3693,0.0913,3,34,s1:0 s2:0
ntw3_tow_c15_x8_051,free,24,9993,11969,1.1277,1.1468,0.4608,1.0631,0.6669,0.1608,4,60,s1:0 s2:0
ntw3_tow_c15_x8_051,4corps,24,9993,11969,1.1277,1.1468,0.4608,1.0631,0.6669,0.1608,4,60,s1:0 s2:0
piedmont_savoy,free,31,9999,11689,0.749,0.7605,0.5061,0.7375,0.2429,0.0604,0,41,s1:0 s2:0
piedmont_savoy,4corps,31,9999,11689,0.749,0.7605,0.5061,0.7375,0.2429,0.0604,0,41,s1:0 s2:0
