unit_class,kind,train_copies,mean_cost,paper_value_per_cost,worth_comp,excess_comp,worth_small,excess_small,mean_card_bonus
infantry_irregulars,commander,11,459,1.131,0.3603,0.3346,0.2913,0.2786,-0.0018
cavalry_lancers,commander,178,764,1.153,0.3633,0.3205,0.3565,0.3354,0.0006
infantry_militia,commander,67,236,0.973,0.3132,0.3,0.2913,0.2847,0.002
cavalry_light,commander,566,684,1.164,0.33,0.2917,0.2913,0.2723,-0.0004
cavalry_standard,commander,438,684,1.179,0.3169,0.2786,0.2913,0.2724,0.0021
infantry_light,commander,530,506,1.29,0.3027,0.2744,0.3035,0.2895,0.0013
infantry_line,commander,1394,391,1.425,0.2879,0.266,0.2913,0.2805,-0.0006
infantry_skirmishers,commander,39,441,1.575,0.2783,0.2537,0.2913,0.2791,-0.0006
infantry_grenadiers,commander,247,724,1.248,0.2697,0.2291,0.2913,0.2712,-0.0008
cavalry_missile,unit,129,503,1.054,0.2557,0.2276,0.0,-0.0139,0.0075
cavalry_heavy,commander,385,1328,1.251,0.2913,0.217,0.2913,0.2545,0.0013
artillery_foot,commander,219,853,1.195,0.1955,0.1477,0.2127,0.1891,0.0025
infantry_irregulars,unit,387,350,1.181,0.0677,0.0482,0.0,-0.0097,0.0023
cavalry_lancers,unit,4310,573,1.201,0.076,0.044,0.0652,0.0494,-0.0013
artillery_horse,commander,57,1005,1.47,0.1001,0.0438,0.0886,0.0608,0.0004
cavalry_light,unit,9011,552,1.141,0.0456,0.0147,0.0,-0.0153,0.0027
infantry_militia,unit,4240,209,1.167,0.0263,0.0146,0.0,-0.0058,0.0073
infantry_skirmishers,unit,8113,236,1.268,0.0217,0.0085,0.0,-0.0065,0.0068
cavalry_standard,unit,6994,633,1.156,0.0343,-0.0012,0.0,-0.0175,0.006
infantry_light,unit,14134,423,1.235,0.0217,-0.002,0.0122,0.0005,-0.0002
infantry_line,unit,55537,336,1.238,0.0066,-0.0122,0.0,-0.0093,0.0024
artillery_foot,unit,5875,501,1.161,-0.0117,-0.0398,0.004,-0.0099,0.0016
infantry_grenadiers,unit,4956,549,1.245,-0.0094,-0.0401,0.0,-0.0152,0.0002
cavalry_heavy,unit,2646,1213,1.229,0.0051,-0.0628,0.0,-0.0336,-0.0012
artillery_horse,unit,2215,572,1.174,-0.0834,-0.1154,-0.1008,-0.1167,0.0043
