model,direction,faction_key,n_games_train,gain_insample,gain_otherhalf_self,gain_otherhalf_common
small+elo,A->B,britain,39,0.1942,0.2056,0.1268
small+elo,A->B,denmark,70,0.2623,0.0391,0.3635
small+elo,A->B,france,61,0.3728,0.4092,0.1963
small+elo,A->B,ntw3_hre,109,0.3275,0.0823,0.5001
small+elo,A->B,ntw3_tow_a03_x8_032,206,0.576,0.2086,-0.0238
small+elo,A->B,ntw3_tow_a03_x8_033,120,0.5086,0.3771,0.2452
small+elo,A->B,ntw3_tow_a03_x8_038,5,0.0986,0.1373,-0.1188
small+elo,A->B,ntw3_tow_a03_x8_040,35,0.1416,0.0265,-0.051
small+elo,A->B,ntw3_tow_a04_x8_005,95,0.5149,0.4232,0.2978
small+elo,A->B,ntw3_tow_a05_x8_001,105,0.4626,0.2948,0.059
small+elo,A->B,ntw3_tow_a05_x8_004,37,0.5804,0.1958,0.0908
small+elo,A->B,ntw3_tow_a06_x8_002,71,0.6708,0.3109,-0.0797
small+elo,A->B,ntw3_tow_a08_x8_047,382,0.7725,0.4655,0.2586
small+elo,A->B,ntw3_tow_a09_x8_021,178,0.7353,0.2744,0.1312
small+elo,A->B,ntw3_tow_a11_x8_027,46,0.6084,0.4613,0.4931
small+elo,A->B,ntw3_tow_a11_x8_028,192,0.9156,0.4871,0.0342
small+elo,A->B,ntw3_tow_a11_x8_029,66,0.5744,0.3267,0.5429
small+elo,A->B,ntw3_tow_a12_x8_003,310,0.8384,0.5737,0.8451
small+elo,A->B,ntw3_tow_a13_x8_022,167,0.6773,0.2885,0.131
small+elo,A->B,ntw3_tow_a17_x8_054,330,0.8138,0.6225,0.6144
small+elo,A->B,ntw3_tow_b03_x8_039,87,0.651,0.2584,0.4796
small+elo,A->B,ntw3_tow_b03_x8_042,23,0.851,0.3337,0.3007
small+elo,A->B,ntw3_tow_b03_x8_043,15,0.4686,0.3089,0.3504
small+elo,A->B,ntw3_tow_b04_x8_015,24,0.4527,0.3928,0.3482
small+elo,A->B,ntw3_tow_b04_x8_016,65,0.6248,0.455,0.4477
small+elo,A->B,ntw3_tow_b05_x8_006,64,0.713,0.486,0.5467
small+elo,A->B,ntw3_tow_b05_x8_007,105,0.6098,0.4781,0.7262
small+elo,A->B,ntw3_tow_b06_x8_008,137,0.7599,0.4074,0.5683
small+elo,A->B,ntw3_tow_b06_x8_009,137,0.4916,0.1274,0.464
small+elo,A->B,ntw3_tow_b07_x8_018,53,0.4382,0.2947,0.3815
small+elo,A->B,ntw3_tow_b08_x8_044,151,0.5607,0.4125,0.4619
small+elo,A->B,ntw3_tow_b08_x8_045,14,0.3264,0.1761,0.1124
small+elo,A->B,ntw3_tow_b08_x8_046,10,0.2695,0.0631,-0.0064
small+elo,A->B,ntw3_tow_b09_x8_019,124,0.3917,0.0077,0.3049
small+elo,A->B,ntw3_tow_b09_x8_020,161,0.6903,0.4638,0.2503
small+elo,A->B,ntw3_tow_b10_x8_026,35,0.3275,0.1589,-0.1734
small+elo,A->B,ntw3_tow_b11_x8_013,225,0.8005,0.2927,0.0807
small+elo,A->B,ntw3_tow_b11_x8_014,7,0.668,0.3352,0.4503
small+elo,A->B,ntw3_tow_b12_x8_011,44,0.5811,0.4954,0.3439
small+elo,A->B,ntw3_tow_b12_x8_012,162,0.6441,0.3377,0.351
small+elo,A->B,ntw3_tow_b13_x8_049,408,0.4864,0.4305,0.3519
small+elo,A->B,ntw3_tow_b13_x8_050,36,0.6796,0.3953,0.3502
small+elo,A->B,ntw3_tow_b14_x8_031,30,0.6292,0.353,0.0532
small+elo,A->B,ntw3_tow_b15_x8_052,85,0.8731,0.4771,0.368
small+elo,A->B,ntw3_tow_b15_x8_053,14,0.5805,0.2747,0.4059
small+elo,A->B,ntw3_tow_b17_x8_055,78,0.5878,0.3519,0.225
small+elo,A->B,ntw3_tow_b17_x8_056,134,0.7126,0.3301,0.3344
small+elo,A->B,ntw3_tow_b17_x8_057,149,0.8382,0.4533,0.523
small+elo,A->B,ntw3_tow_c07_x8_017,8,0.7288,0.3827,0.3718
small+elo,A->B,ntw3_tow_c08_x8_048,99,0.7752,0.4691,0.2666
small+elo,A->B,ntw3_tow_c10_x8_025,66,0.3372,0.0988,0.4377
small+elo,A->B,ntw3_tow_c14_x8_030,33,0.4349,0.2137,0.3055
small+elo,A->B,ntw3_tow_c15_x8_051,59,0.8364,0.4619,0.5473
small+elo,A->B,piedmont_savoy,41,0.2709,0.2075,0.2958
small+elo,B->A,britain,39,0.2736,0.0438,0.2402
small+elo,B->A,denmark,70,0.2698,0.0964,0.1424
small+elo,B->A,france,61,0.4363,0.2588,-0.0141
small+elo,B->A,ntw3_hre,109,0.3357,0.2145,0.2016
small+elo,B->A,ntw3_tow_a03_x8_032,206,0.4404,0.125,-0.4302
small+elo,B->A,ntw3_tow_a03_x8_033,120,0.4043,0.3946,0.7934
small+elo,B->A,ntw3_tow_a03_x8_038,5,0.1427,0.0758,-0.0697
small+elo,B->A,ntw3_tow_a03_x8_040,35,0.2171,-0.0616,-0.2631
small+elo,B->A,ntw3_tow_a04_x8_005,95,0.4558,0.3781,-0.0076
small+elo,B->A,ntw3_tow_a05_x8_001,105,0.4707,0.238,-0.4114
small+elo,B->A,ntw3_tow_a05_x8_004,37,0.4266,0.22,0.082
small+elo,B->A,ntw3_tow_a06_x8_002,71,0.56,0.3529,0.0378
small+elo,B->A,ntw3_tow_a08_x8_047,382,0.6494,0.4992,-0.0791
small+elo,B->A,ntw3_tow_a09_x8_021,178,0.5616,0.4582,-0.0118
small+elo,B->A,ntw3_tow_a11_x8_027,46,0.5006,0.4788,0.3723
small+elo,B->A,ntw3_tow_a11_x8_028,192,0.6951,0.5823,0.692
small+elo,B->A,ntw3_tow_a11_x8_029,66,0.3811,0.3463,0.4933
small+elo,B->A,ntw3_tow_a12_x8_003,310,0.7727,0.524,0.4191
small+elo,B->A,ntw3_tow_a13_x8_022,167,0.4993,0.4041,0.3794
small+elo,B->A,ntw3_tow_a17_x8_054,330,0.6877,0.5401,0.5065
small+elo,B->A,ntw3_tow_b03_x8_039,87,0.5195,0.4317,0.2859
small+elo,B->A,ntw3_tow_b03_x8_042,23,0.5406,0.4879,0.3301
small+elo,B->A,ntw3_tow_b03_x8_043,15,0.3366,0.3895,0.3047
small+elo,B->A,ntw3_tow_b04_x8_015,24,0.3928,0.4527,0.2962
small+elo,B->A,ntw3_tow_b04_x8_016,65,0.4767,0.5336,0.9317
small+elo,B->A,ntw3_tow_b05_x8_006,64,0.6444,0.5841,0.1911
small+elo,B->A,ntw3_tow_b05_x8_007,105,0.5053,0.4958,1.076
small+elo,B->A,ntw3_tow_b06_x8_008,137,0.593,0.4885,0.554
small+elo,B->A,ntw3_tow_b06_x8_009,137,0.3209,0.1427,0.0141
small+elo,B->A,ntw3_tow_b07_x8_018,53,0.3436,0.233,0.3991
small+elo,B->A,ntw3_tow_b08_x8_044,151,0.4427,0.4786,0.683
small+elo,B->A,ntw3_tow_b08_x8_045,14,0.2033,0.2124,0.1658
small+elo,B->A,ntw3_tow_b08_x8_046,10,0.1508,0.0887,-0.1807
small+elo,B->A,ntw3_tow_b09_x8_019,124,0.3075,0.2712,0.5015
small+elo,B->A,ntw3_tow_b09_x8_020,161,0.701,0.5886,0.7069
small+elo,B->A,ntw3_tow_b10_x8_026,35,0.2561,0.157,0.5941
small+elo,B->A,ntw3_tow_b11_x8_013,225,0.5887,0.4756,0.6854
small+elo,B->A,ntw3_tow_b11_x8_014,7,0.4884,0.5622,0.1207
small+elo,B->A,ntw3_tow_b12_x8_011,44,0.5171,0.4899,0.5648
small+elo,B->A,ntw3_tow_b12_x8_012,162,0.5262,0.3758,0.1439
small+elo,B->A,ntw3_tow_b13_x8_049,408,0.4685,0.3268,0.4284
small+elo,B->A,ntw3_tow_b13_x8_050,36,0.4568,0.5166,0.7307
small+elo,B->A,ntw3_tow_b14_x8_031,30,0.4273,0.4283,0.3159
small+elo,B->A,ntw3_tow_b15_x8_052,85,0.7073,0.7352,0.863
small+elo,B->A,ntw3_tow_b15_x8_053,14,0.4346,0.3101,1.1897
small+elo,B->A,ntw3_tow_b17_x8_055,78,0.4062,0.3598,0.7464
small+elo,B->A,ntw3_tow_b17_x8_056,134,0.581,0.597,0.6736
small+elo,B->A,ntw3_tow_b17_x8_057,149,0.5593,0.4996,0.0796
small+elo,B->A,ntw3_tow_c07_x8_017,8,0.596,0.4927,-0.0247
small+elo,B->A,ntw3_tow_c08_x8_048,99,0.6859,0.7089,0.4842
small+elo,B->A,ntw3_tow_c10_x8_025,66,0.2714,0.1663,0.2093
small+elo,B->A,ntw3_tow_c14_x8_030,33,0.315,0.2687,0.2213
small+elo,B->A,ntw3_tow_c15_x8_051,59,0.663,0.5241,0.0277
small+elo,B->A,piedmont_savoy,41,0.2402,0.1914,0.1263
hybsmall+elo,A->B,britain,39,0.1981,0.2371,0.1959
hybsmall+elo,A->B,denmark,70,0.5014,0.1048,0.3191
hybsmall+elo,A->B,france,61,0.4717,0.3981,0.2161
hybsmall+elo,A->B,ntw3_hre,109,0.4468,0.1219,0.3344
hybsmall+elo,A->B,ntw3_tow_a03_x8_032,206,0.8394,0.2583,0.2048
hybsmall+elo,A->B,ntw3_tow_a03_x8_033,120,0.8376,0.3526,0.3009
hybsmall+elo,A->B,ntw3_tow_a03_x8_038,5,0.1194,0.139,-0.1188
hybsmall+elo,A->B,ntw3_tow_a03_x8_040,35,0.3714,0.0895,0.0499
hybsmall+elo,A->B,ntw3_tow_a04_x8_005,95,0.7322,0.4711,0.5803
hybsmall+elo,A->B,ntw3_tow_a05_x8_001,105,0.6286,0.205,0.1313
hybsmall+elo,A->B,ntw3_tow_a05_x8_004,37,0.7091,0.1838,0.2241
hybsmall+elo,A->B,ntw3_tow_a06_x8_002,71,0.9359,0.2452,0.1556
hybsmall+elo,A->B,ntw3_tow_a08_x8_047,382,1.263,0.6052,0.7112
hybsmall+elo,A->B,ntw3_tow_a09_x8_021,178,1.0632,0.1204,0.2187
hybsmall+elo,A->B,ntw3_tow_a11_x8_027,46,0.7305,0.4589,0.5807
hybsmall+elo,A->B,ntw3_tow_a11_x8_028,192,1.5421,0.4199,0.4141
hybsmall+elo,A->B,ntw3_tow_a11_x8_029,66,0.7502,0.3771,0.3706
hybsmall+elo,A->B,ntw3_tow_a12_x8_003,310,1.2752,0.5916,0.8686
hybsmall+elo,A->B,ntw3_tow_a13_x8_022,167,1.0041,0.4269,0.442
hybsmall+elo,A->B,ntw3_tow_a17_x8_054,330,1.0973,0.5939,0.6009
hybsmall+elo,A->B,ntw3_tow_b03_x8_039,87,0.897,0.2639,0.6672
hybsmall+elo,A->B,ntw3_tow_b03_x8_042,23,0.9236,0.335,0.361
hybsmall+elo,A->B,ntw3_tow_b03_x8_043,15,0.484,0.304,0.3521
hybsmall+elo,A->B,ntw3_tow_b04_x8_015,24,0.8503,0.3295,0.8809
hybsmall+elo,A->B,ntw3_tow_b04_x8_016,65,1.0041,0.4666,0.5496
hybsmall+elo,A->B,ntw3_tow_b05_x8_006,64,0.902,0.4938,0.5255
hybsmall+elo,A->B,ntw3_tow_b05_x8_007,105,1.0744,0.6241,0.7439
hybsmall+elo,A->B,ntw3_tow_b06_x8_008,137,0.9317,0.4698,0.5306
hybsmall+elo,A->B,ntw3_tow_b06_x8_009,137,0.7247,0.2622,0.5865
hybsmall+elo,A->B,ntw3_tow_b07_x8_018,53,0.577,0.297,0.3219
hybsmall+elo,A->B,ntw3_tow_b08_x8_044,151,0.9256,0.3532,0.4092
hybsmall+elo,A->B,ntw3_tow_b08_x8_045,14,0.3048,0.1637,0.1079
hybsmall+elo,A->B,ntw3_tow_b08_x8_046,10,0.321,0.0642,0.0697
hybsmall+elo,A->B,ntw3_tow_b09_x8_019,124,0.7394,0.3269,0.3015
hybsmall+elo,A->B,ntw3_tow_b09_x8_020,161,0.9366,0.397,0.3611
hybsmall+elo,A->B,ntw3_tow_b10_x8_026,35,0.3378,0.2251,-0.0729
hybsmall+elo,A->B,ntw3_tow_b11_x8_013,225,1.2002,0.499,0.5545
hybsmall+elo,A->B,ntw3_tow_b11_x8_014,7,0.6763,0.341,0.4503
hybsmall+elo,A->B,ntw3_tow_b12_x8_011,44,0.7093,0.5287,0.4246
hybsmall+elo,A->B,ntw3_tow_b12_x8_012,162,0.8457,0.3056,0.3871
hybsmall+elo,A->B,ntw3_tow_b13_x8_049,408,0.7077,0.4336,0.5247
hybsmall+elo,A->B,ntw3_tow_b13_x8_050,36,0.7854,0.4319,0.3953
hybsmall+elo,A->B,ntw3_tow_b14_x8_031,30,0.5958,0.2829,0.1224
hybsmall+elo,A->B,ntw3_tow_b15_x8_052,85,0.935,0.431,0.3434
hybsmall+elo,A->B,ntw3_tow_b15_x8_053,14,0.658,0.2812,0.4235
hybsmall+elo,A->B,ntw3_tow_b17_x8_055,78,0.7498,0.3983,0.3279
hybsmall+elo,A->B,ntw3_tow_b17_x8_056,134,1.0364,0.5896,0.517
hybsmall+elo,A->B,ntw3_tow_b17_x8_057,149,1.0177,0.4618,0.546
hybsmall+elo,A->B,ntw3_tow_c07_x8_017,8,0.7267,0.3777,0.3718
hybsmall+elo,A->B,ntw3_tow_c08_x8_048,99,0.7793,0.4571,0.4147
hybsmall+elo,A->B,ntw3_tow_c10_x8_025,66,0.5338,0.1264,0.2042
hybsmall+elo,A->B,ntw3_tow_c14_x8_030,33,0.4719,0.1964,0.2081
hybsmall+elo,A->B,ntw3_tow_c15_x8_051,59,0.8851,0.5485,0.5623
hybsmall+elo,A->B,piedmont_savoy,41,0.372,0.2692,0.3852
hybsmall+elo,B->A,britain,39,0.2856,0.0425,0.1451
hybsmall+elo,B->A,denmark,70,0.3811,0.199,0.2309
hybsmall+elo,B->A,france,61,0.576,0.2042,-0.0301
hybsmall+elo,B->A,ntw3_hre,109,0.4489,0.2443,0.3071
hybsmall+elo,B->A,ntw3_tow_a03_x8_032,206,0.8095,-0.0476,-0.3122
hybsmall+elo,B->A,ntw3_tow_a03_x8_033,120,0.5554,0.362,0.4454
hybsmall+elo,B->A,ntw3_tow_a03_x8_038,5,0.1445,0.0876,-0.0697
hybsmall+elo,B->A,ntw3_tow_a03_x8_040,35,0.2991,-0.0245,-0.0277
hybsmall+elo,B->A,ntw3_tow_a04_x8_005,95,0.6584,0.3511,-0.0066
hybsmall+elo,B->A,ntw3_tow_a05_x8_001,105,0.6683,0.0708,-0.0347
hybsmall+elo,B->A,ntw3_tow_a05_x8_004,37,0.5131,0.12,-0.0793
hybsmall+elo,B->A,ntw3_tow_a06_x8_002,71,0.8289,0.1685,0.2072
hybsmall+elo,B->A,ntw3_tow_a08_x8_047,382,1.1479,0.6694,0.6102
hybsmall+elo,B->A,ntw3_tow_a09_x8_021,178,1.0157,0.4112,0.0381
hybsmall+elo,B->A,ntw3_tow_a11_x8_027,46,0.6067,0.3185,0.2835
hybsmall+elo,B->A,ntw3_tow_a11_x8_028,192,0.9839,0.5336,0.6437
hybsmall+elo,B->A,ntw3_tow_a11_x8_029,66,0.5824,0.4007,0.3488
hybsmall+elo,B->A,ntw3_tow_a12_x8_003,310,1.1376,0.6909,0.8012
hybsmall+elo,B->A,ntw3_tow_a13_x8_022,167,0.7561,0.4754,0.3285
hybsmall+elo,B->A,ntw3_tow_a17_x8_054,330,0.9961,0.5296,0.4643
hybsmall+elo,B->A,ntw3_tow_b03_x8_039,87,0.7281,0.4356,0.3611
hybsmall+elo,B->A,ntw3_tow_b03_x8_042,23,0.6394,0.4858,0.2464
hybsmall+elo,B->A,ntw3_tow_b03_x8_043,15,0.3622,0.4176,0.2154
hybsmall+elo,B->A,ntw3_tow_b04_x8_015,24,0.4855,0.3657,0.2794
hybsmall+elo,B->A,ntw3_tow_b04_x8_016,65,0.5398,0.592,1.0881
hybsmall+elo,B->A,ntw3_tow_b05_x8_006,64,0.833,0.5601,0.3201
hybsmall+elo,B->A,ntw3_tow_b05_x8_007,105,0.8062,0.6643,0.6002
hybsmall+elo,B->A,ntw3_tow_b06_x8_008,137,0.8159,0.5831,0.5514
hybsmall+elo,B->A,ntw3_tow_b06_x8_009,137,0.5379,0.261,0.1774
hybsmall+elo,B->A,ntw3_tow_b07_x8_018,53,0.4401,0.2584,0.2884
hybsmall+elo,B->A,ntw3_tow_b08_x8_044,151,0.6488,0.3655,0.5673
hybsmall+elo,B->A,ntw3_tow_b08_x8_045,14,0.2341,0.1524,0.1607
hybsmall+elo,B->A,ntw3_tow_b08_x8_046,10,0.151,0.07,-0.1807
hybsmall+elo,B->A,ntw3_tow_b09_x8_019,124,0.5945,0.2213,0.09
hybsmall+elo,B->A,ntw3_tow_b09_x8_020,161,0.8274,0.5036,0.5349
hybsmall+elo,B->A,ntw3_tow_b10_x8_026,35,0.3706,0.2044,0.022
hybsmall+elo,B->A,ntw3_tow_b11_x8_013,225,0.8487,0.4645,0.4462
hybsmall+elo,B->A,ntw3_tow_b11_x8_014,7,0.5533,0.5657,0.5138
hybsmall+elo,B->A,ntw3_tow_b12_x8_011,44,0.6771,0.5335,0.5888
hybsmall+elo,B->A,ntw3_tow_b12_x8_012,162,0.6582,0.3168,0.6477
hybsmall+elo,B->A,ntw3_tow_b13_x8_049,408,0.695,0.344,0.4264
hybsmall+elo,B->A,ntw3_tow_b13_x8_050,36,0.5292,0.5242,0.9749
hybsmall+elo,B->A,ntw3_tow_b14_x8_031,30,0.5126,0.4032,0.4531
hybsmall+elo,B->A,ntw3_tow_b15_x8_052,85,0.8048,0.6729,0.826
hybsmall+elo,B->A,ntw3_tow_b15_x8_053,14,0.477,0.3189,0.7734
hybsmall+elo,B->A,ntw3_tow_b17_x8_055,78,0.6459,0.2566,0.6689
hybsmall+elo,B->A,ntw3_tow_b17_x8_056,134,0.7507,0.5268,0.7413
hybsmall+elo,B->A,ntw3_tow_b17_x8_057,149,0.7063,0.4506,-0.0011
hybsmall+elo,B->A,ntw3_tow_c07_x8_017,8,0.5988,0.4793,-0.0505
hybsmall+elo,B->A,ntw3_tow_c08_x8_048,99,0.7484,0.6673,0.5011
hybsmall+elo,B->A,ntw3_tow_c10_x8_025,66,0.3953,0.2985,0.2988
hybsmall+elo,B->A,ntw3_tow_c14_x8_030,33,0.3717,0.185,0.1031
hybsmall+elo,B->A,ntw3_tow_c15_x8_051,59,0.7642,0.5735,0.0989
hybsmall+elo,B->A,piedmont_savoy,41,0.3938,0.1864,0.1977
comp+elo,A->B,britain,39,0.4554,0.0751,0.0457
comp+elo,A->B,denmark,70,0.9617,0.0817,0.156
comp+elo,A->B,france,61,1.0837,0.4737,0.5146
comp+elo,A->B,ntw3_hre,109,1.1605,0.7151,0.7368
comp+elo,A->B,ntw3_tow_a03_x8_032,206,1.105,0.2725,0.1837
comp+elo,A->B,ntw3_tow_a03_x8_033,120,1.1293,0.4877,0.514
comp+elo,A->B,ntw3_tow_a03_x8_038,5,0.658,0.0526,0.0506
comp+elo,A->B,ntw3_tow_a03_x8_040,35,0.592,0.0302,0.0753
comp+elo,A->B,ntw3_tow_a04_x8_005,95,1.4285,1.0666,1.0425
comp+elo,A->B,ntw3_tow_a05_x8_001,105,1.1146,0.2053,0.2351
comp+elo,A->B,ntw3_tow_a05_x8_004,37,1.0862,0.2759,0.2656
comp+elo,A->B,ntw3_tow_a06_x8_002,71,1.4428,0.3808,0.3866
comp+elo,A->B,ntw3_tow_a08_x8_047,382,1.7321,0.6325,0.5495
comp+elo,A->B,ntw3_tow_a09_x8_021,178,1.6515,0.4192,0.366
comp+elo,A->B,ntw3_tow_a11_x8_027,46,1.1872,0.7699,0.7455
comp+elo,A->B,ntw3_tow_a11_x8_028,192,1.9959,0.5141,0.4865
comp+elo,A->B,ntw3_tow_a11_x8_029,66,1.0768,0.5676,0.586
comp+elo,A->B,ntw3_tow_a12_x8_003,310,1.4036,0.8994,0.9624
comp+elo,A->B,ntw3_tow_a13_x8_022,167,1.672,0.5589,0.5363
comp+elo,A->B,ntw3_tow_a17_x8_054,330,1.4412,0.6742,0.6622
comp+elo,A->B,ntw3_tow_b03_x8_039,87,1.2085,0.1956,0.1917
comp+elo,A->B,ntw3_tow_b03_x8_042,23,1.3299,0.6656,0.652
comp+elo,A->B,ntw3_tow_b03_x8_043,15,0.7625,0.1428,0.1404
comp+elo,A->B,ntw3_tow_b04_x8_015,24,3.397,1.5998,1.6546
comp+elo,A->B,ntw3_tow_b04_x8_016,65,2.1427,1.0553,1.0576
comp+elo,A->B,ntw3_tow_b05_x8_006,64,1.1412,0.3138,0.3146
comp+elo,A->B,ntw3_tow_b05_x8_007,105,1.2132,0.5441,0.5836
comp+elo,A->B,ntw3_tow_b06_x8_008,137,1.394,0.4943,0.4962
comp+elo,A->B,ntw3_tow_b06_x8_009,137,1.505,0.2764,0.306
comp+elo,A->B,ntw3_tow_b07_x8_018,53,1.0764,0.6629,0.6291
comp+elo,A->B,ntw3_tow_b08_x8_044,151,1.1846,0.6701,0.6593
comp+elo,A->B,ntw3_tow_b08_x8_045,14,0.7665,0.1166,0.1135
comp+elo,A->B,ntw3_tow_b08_x8_046,10,0.7863,0.5105,0.4936
comp+elo,A->B,ntw3_tow_b09_x8_019,124,1.5445,0.6256,0.6484
comp+elo,A->B,ntw3_tow_b09_x8_020,161,1.7406,0.4979,0.4663
comp+elo,A->B,ntw3_tow_b10_x8_026,35,2.0547,0.548,0.5679
comp+elo,A->B,ntw3_tow_b11_x8_013,225,2.3421,0.5096,0.4746
comp+elo,A->B,ntw3_tow_b11_x8_014,7,2.0161,0.1721,0.2444
comp+elo,A->B,ntw3_tow_b12_x8_011,44,1.2608,0.5451,0.502
comp+elo,A->B,ntw3_tow_b12_x8_012,162,1.6842,0.4789,0.4748
comp+elo,A->B,ntw3_tow_b13_x8_049,408,0.9705,0.529,0.5681
comp+elo,A->B,ntw3_tow_b13_x8_050,36,1.413,0.7255,0.734
comp+elo,A->B,ntw3_tow_b14_x8_031,30,1.0809,0.8755,0.7754
comp+elo,A->B,ntw3_tow_b15_x8_052,85,2.4233,0.9611,0.9289
comp+elo,A->B,ntw3_tow_b15_x8_053,14,2.5472,0.5324,0.5361
comp+elo,A->B,ntw3_tow_b17_x8_055,78,1.4631,0.7917,0.8424
comp+elo,A->B,ntw3_tow_b17_x8_056,134,1.5142,0.6689,0.707
comp+elo,A->B,ntw3_tow_b17_x8_057,149,1.7251,0.417,0.3724
comp+elo,A->B,ntw3_tow_c07_x8_017,8,0.7568,0.0238,0.0279
comp+elo,A->B,ntw3_tow_c08_x8_048,99,1.0075,0.1138,0.1336
comp+elo,A->B,ntw3_tow_c10_x8_025,66,1.175,0.3867,0.3666
comp+elo,A->B,ntw3_tow_c14_x8_030,33,0.7808,0.332,0.3491
comp+elo,A->B,ntw3_tow_c15_x8_051,59,1.1616,-0.0894,0.0696
comp+elo,A->B,piedmont_savoy,41,0.9899,0.3361,0.3221
comp+elo,B->A,britain,39,0.353,0.2129,0.234
comp+elo,B->A,denmark,70,0.6589,0.1943,0.2144
comp+elo,B->A,france,61,0.7033,-0.159,-0.1547
comp+elo,B->A,ntw3_hre,109,0.8388,0.5298,0.525
comp+elo,B->A,ntw3_tow_a03_x8_032,206,0.6215,0.1246,0.1548
comp+elo,B->A,ntw3_tow_a03_x8_033,120,0.7039,0.8388,0.8462
comp+elo,B->A,ntw3_tow_a03_x8_038,5,0.2441,0.3169,0.318
comp+elo,B->A,ntw3_tow_a03_x8_040,35,0.2484,0.0531,0.0968
comp+elo,B->A,ntw3_tow_a04_x8_005,95,1.2938,0.8295,0.8876
comp+elo,B->A,ntw3_tow_a05_x8_001,105,0.6398,0.0819,0.0272
comp+elo,B->A,ntw3_tow_a05_x8_004,37,0.5923,0.3372,0.4043
comp+elo,B->A,ntw3_tow_a06_x8_002,71,0.9087,0.2184,0.0701
comp+elo,B->A,ntw3_tow_a08_x8_047,382,1.059,0.6217,0.5363
comp+elo,B->A,ntw3_tow_a09_x8_021,178,1.1477,1.1111,1.0446
comp+elo,B->A,ntw3_tow_a11_x8_027,46,0.8553,0.9198,0.9406
comp+elo,B->A,ntw3_tow_a11_x8_028,192,1.0144,0.8768,0.9615
comp+elo,B->A,ntw3_tow_a11_x8_029,66,0.773,0.6378,0.5759
comp+elo,B->A,ntw3_tow_a12_x8_003,310,1.0432,0.6377,0.5219
comp+elo,B->A,ntw3_tow_a13_x8_022,167,0.897,0.9449,0.9271
comp+elo,B->A,ntw3_tow_a17_x8_054,330,1.0705,0.9187,1.0049
comp+elo,B->A,ntw3_tow_b03_x8_039,87,0.8101,0.5836,0.6101
comp+elo,B->A,ntw3_tow_b03_x8_042,23,1.1049,0.3065,0.2974
comp+elo,B->A,ntw3_tow_b03_x8_043,15,0.6719,0.4683,0.4357
comp+elo,B->A,ntw3_tow_b04_x8_015,24,2.0228,2.3001,2.1633
comp+elo,B->A,ntw3_tow_b04_x8_016,65,1.1588,1.8027,1.7777
comp+elo,B->A,ntw3_tow_b05_x8_006,64,0.9105,0.2372,0.169
comp+elo,B->A,ntw3_tow_b05_x8_007,105,0.7585,0.7924,1.0047
comp+elo,B->A,ntw3_tow_b06_x8_008,137,1.0467,0.2882,0.368
comp+elo,B->A,ntw3_tow_b06_x8_009,137,0.7483,-0.091,-0.112
comp+elo,B->A,ntw3_tow_b07_x8_018,53,0.7897,0.6766,0.5634
comp+elo,B->A,ntw3_tow_b08_x8_044,151,0.8099,0.9903,0.857
comp+elo,B->A,ntw3_tow_b08_x8_045,14,0.3299,0.15,0.1308
comp+elo,B->A,ntw3_tow_b08_x8_046,10,0.6172,0.3731,0.3247
comp+elo,B->A,ntw3_tow_b09_x8_019,124,1.0473,0.6672,0.607
comp+elo,B->A,ntw3_tow_b09_x8_020,161,1.3651,0.9061,0.9976
comp+elo,B->A,ntw3_tow_b10_x8_026,35,0.8866,0.4895,0.445
comp+elo,B->A,ntw3_tow_b11_x8_013,225,1.1133,0.2455,0.1547
comp+elo,B->A,ntw3_tow_b11_x8_014,7,0.774,0.4322,0.4391
comp+elo,B->A,ntw3_tow_b12_x8_011,44,0.7353,0.9146,0.8403
comp+elo,B->A,ntw3_tow_b12_x8_012,162,0.8491,0.6493,0.6815
comp+elo,B->A,ntw3_tow_b13_x8_049,408,0.6856,0.5335,0.6451
comp+elo,B->A,ntw3_tow_b13_x8_050,36,1.0633,1.1522,1.135
comp+elo,B->A,ntw3_tow_b14_x8_031,30,0.9398,0.9237,0.8413
comp+elo,B->A,ntw3_tow_b15_x8_052,85,1.4288,1.2512,1.1563
comp+elo,B->A,ntw3_tow_b15_x8_053,14,1.2978,0.4477,0.4501
comp+elo,B->A,ntw3_tow_b17_x8_055,78,0.89,1.0464,0.9112
comp+elo,B->A,ntw3_tow_b17_x8_056,134,0.79,0.9577,0.8833
comp+elo,B->A,ntw3_tow_b17_x8_057,149,0.8149,0.1419,0.1236
comp+elo,B->A,ntw3_tow_c07_x8_017,8,0.7756,0.0407,0.0511
comp+elo,B->A,ntw3_tow_c08_x8_048,99,0.9279,0.6395,0.6676
comp+elo,B->A,ntw3_tow_c10_x8_025,66,0.599,0.5589,0.5733
comp+elo,B->A,ntw3_tow_c14_x8_030,33,0.4411,0.3687,0.2611
comp+elo,B->A,ntw3_tow_c15_x8_051,59,1.1418,0.2703,0.2696
comp+elo,B->A,piedmont_savoy,41,0.5863,0.2874,0.3043
hybrid+elo,A->B,britain,39,0.4526,0.0795,0.0795
hybrid+elo,A->B,denmark,70,1.0111,0.1744,0.1744
hybrid+elo,A->B,france,61,1.1151,0.3126,0.3126
hybrid+elo,A->B,ntw3_hre,109,1.2031,0.7432,0.7432
hybrid+elo,A->B,ntw3_tow_a03_x8_032,206,1.2041,0.2605,0.2605
hybrid+elo,A->B,ntw3_tow_a03_x8_033,120,1.2553,0.3778,0.3778
hybrid+elo,A->B,ntw3_tow_a03_x8_038,5,0.6476,0.102,0.102
hybrid+elo,A->B,ntw3_tow_a03_x8_040,35,0.6659,0.0977,0.0977
hybrid+elo,A->B,ntw3_tow_a04_x8_005,95,1.4871,1.1348,1.1348
hybrid+elo,A->B,ntw3_tow_a05_x8_001,105,1.0923,0.238,0.238
hybrid+elo,A->B,ntw3_tow_a05_x8_004,37,1.1401,0.2862,0.2862
hybrid+elo,A->B,ntw3_tow_a06_x8_002,71,1.5199,0.3768,0.3768
hybrid+elo,A->B,ntw3_tow_a08_x8_047,382,1.8991,0.6221,0.6221
hybrid+elo,A->B,ntw3_tow_a09_x8_021,178,1.6911,-0.0167,-0.0167
hybrid+elo,A->B,ntw3_tow_a11_x8_027,46,1.2439,0.7127,0.7127
hybrid+elo,A->B,ntw3_tow_a11_x8_028,192,2.061,0.4916,0.4916
hybrid+elo,A->B,ntw3_tow_a11_x8_029,66,1.0853,0.6479,0.6479
hybrid+elo,A->B,ntw3_tow_a12_x8_003,310,1.6077,0.9171,0.9171
hybrid+elo,A->B,ntw3_tow_a13_x8_022,167,1.7157,0.6331,0.6331
hybrid+elo,A->B,ntw3_tow_a17_x8_054,330,1.524,0.62,0.62
hybrid+elo,A->B,ntw3_tow_b03_x8_039,87,1.3082,0.2615,0.2615
hybrid+elo,A->B,ntw3_tow_b03_x8_042,23,1.3243,0.7045,0.7045
hybrid+elo,A->B,ntw3_tow_b03_x8_043,15,0.7399,0.2416,0.2416
hybrid+elo,A->B,ntw3_tow_b04_x8_015,24,3.2302,1.647,1.647
hybrid+elo,A->B,ntw3_tow_b04_x8_016,65,2.2526,1.0568,1.0568
hybrid+elo,A->B,ntw3_tow_b05_x8_006,64,1.1414,0.33,0.33
hybrid+elo,A->B,ntw3_tow_b05_x8_007,105,1.3897,0.6475,0.6475
hybrid+elo,A->B,ntw3_tow_b06_x8_008,137,1.3289,0.5106,0.5106
hybrid+elo,A->B,ntw3_tow_b06_x8_009,137,1.5555,0.3322,0.3322
hybrid+elo,A->B,ntw3_tow_b07_x8_018,53,0.9998,0.5334,0.5334
hybrid+elo,A->B,ntw3_tow_b08_x8_044,151,1.376,0.5629,0.5629
hybrid+elo,A->B,ntw3_tow_b08_x8_045,14,0.7079,0.1619,0.1619
hybrid+elo,A->B,ntw3_tow_b08_x8_046,10,0.7758,0.4936,0.4936
hybrid+elo,A->B,ntw3_tow_b09_x8_019,124,1.5959,0.648,0.648
hybrid+elo,A->B,ntw3_tow_b09_x8_020,161,1.807,0.53,0.53
hybrid+elo,A->B,ntw3_tow_b10_x8_026,35,2.0026,0.5632,0.5632
hybrid+elo,A->B,ntw3_tow_b11_x8_013,225,2.5198,0.4165,0.4165
hybrid+elo,A->B,ntw3_tow_b11_x8_014,7,1.9866,0.2524,0.2524
hybrid+elo,A->B,ntw3_tow_b12_x8_011,44,1.2482,0.4982,0.4982
hybrid+elo,A->B,ntw3_tow_b12_x8_012,162,1.7251,0.4709,0.4709
hybrid+elo,A->B,ntw3_tow_b13_x8_049,408,1.0244,0.5844,0.5844
hybrid+elo,A->B,ntw3_tow_b13_x8_050,36,1.4267,0.7393,0.7393
hybrid+elo,A->B,ntw3_tow_b14_x8_031,30,1.0035,0.8165,0.8165
hybrid+elo,A->B,ntw3_tow_b15_x8_052,85,2.3223,0.8297,0.8297
hybrid+elo,A->B,ntw3_tow_b15_x8_053,14,2.5146,0.5229,0.5229
hybrid+elo,A->B,ntw3_tow_b17_x8_055,78,1.4476,0.7508,0.7508
hybrid+elo,A->B,ntw3_tow_b17_x8_056,134,1.4851,0.7213,0.7213
hybrid+elo,A->B,ntw3_tow_b17_x8_057,149,1.755,0.3273,0.3273
hybrid+elo,A->B,ntw3_tow_c07_x8_017,8,0.7087,0.0957,0.0957
hybrid+elo,A->B,ntw3_tow_c08_x8_048,99,1.0552,0.1275,0.1275
hybrid+elo,A->B,ntw3_tow_c10_x8_025,66,1.2048,0.408,0.408
hybrid+elo,A->B,ntw3_tow_c14_x8_030,33,0.7438,0.2952,0.2952
hybrid+elo,A->B,ntw3_tow_c15_x8_051,59,1.1611,0.1055,0.1055
hybrid+elo,A->B,piedmont_savoy,41,0.9791,0.3321,0.3321
hybrid+elo,B->A,britain,39,0.3214,0.234,0.234
hybrid+elo,B->A,denmark,70,0.673,0.3366,0.3366
hybrid+elo,B->A,france,61,0.7816,-0.0359,-0.0359
hybrid+elo,B->A,ntw3_hre,109,0.9168,0.5161,0.5161
hybrid+elo,B->A,ntw3_tow_a03_x8_032,206,0.8634,-0.1603,-0.1603
hybrid+elo,B->A,ntw3_tow_a03_x8_033,120,0.7774,0.8466,0.8466
hybrid+elo,B->A,ntw3_tow_a03_x8_038,5,0.2429,0.318,0.318
hybrid+elo,B->A,ntw3_tow_a03_x8_040,35,0.3012,0.2092,0.2092
hybrid+elo,B->A,ntw3_tow_a04_x8_005,95,1.3685,0.6899,0.6899
hybrid+elo,B->A,ntw3_tow_a05_x8_001,105,0.7839,0.0445,0.0445
hybrid+elo,B->A,ntw3_tow_a05_x8_004,37,0.6304,0.366,0.366
hybrid+elo,B->A,ntw3_tow_a06_x8_002,71,1.0862,-0.0702,-0.0702
hybrid+elo,B->A,ntw3_tow_a08_x8_047,382,1.347,0.6673,0.6673
hybrid+elo,B->A,ntw3_tow_a09_x8_021,178,1.3533,0.5226,0.5226
hybrid+elo,B->A,ntw3_tow_a11_x8_027,46,0.9078,0.6885,0.6885
hybrid+elo,B->A,ntw3_tow_a11_x8_028,192,1.1761,0.7242,0.7242
hybrid+elo,B->A,ntw3_tow_a11_x8_029,66,0.8921,0.5717,0.5717
hybrid+elo,B->A,ntw3_tow_a12_x8_003,310,1.3339,0.6752,0.6752
hybrid+elo,B->A,ntw3_tow_a13_x8_022,167,0.9969,0.6535,0.6535
hybrid+elo,B->A,ntw3_tow_a17_x8_054,330,1.1512,0.688,0.688
hybrid+elo,B->A,ntw3_tow_b03_x8_039,87,0.929,0.4017,0.4017
hybrid+elo,B->A,ntw3_tow_b03_x8_042,23,1.0977,0.161,0.161
hybrid+elo,B->A,ntw3_tow_b03_x8_043,15,0.6832,0.4209,0.4209
hybrid+elo,B->A,ntw3_tow_b04_x8_015,24,2.0241,2.1633,2.1633
hybrid+elo,B->A,ntw3_tow_b04_x8_016,65,1.1578,1.7951,1.7951
hybrid+elo,B->A,ntw3_tow_b05_x8_006,64,1.0491,0.3249,0.3249
hybrid+elo,B->A,ntw3_tow_b05_x8_007,105,0.9115,0.7717,0.7717
hybrid+elo,B->A,ntw3_tow_b06_x8_008,137,1.0987,0.5184,0.5184
hybrid+elo,B->A,ntw3_tow_b06_x8_009,137,0.8708,0.0993,0.0993
hybrid+elo,B->A,ntw3_tow_b07_x8_018,53,0.825,0.6222,0.6222
hybrid+elo,B->A,ntw3_tow_b08_x8_044,151,0.9281,0.6772,0.6772
hybrid+elo,B->A,ntw3_tow_b08_x8_045,14,0.3388,0.1486,0.1486
hybrid+elo,B->A,ntw3_tow_b08_x8_046,10,0.6044,0.3247,0.3247
hybrid+elo,B->A,ntw3_tow_b09_x8_019,124,1.1506,0.4377,0.4377
hybrid+elo,B->A,ntw3_tow_b09_x8_020,161,1.359,0.6911,0.6911
hybrid+elo,B->A,ntw3_tow_b10_x8_026,35,0.9445,0.55,0.55
hybrid+elo,B->A,ntw3_tow_b11_x8_013,225,1.1691,0.0344,0.0344
hybrid+elo,B->A,ntw3_tow_b11_x8_014,7,0.8133,0.4941,0.4941
hybrid+elo,B->A,ntw3_tow_b12_x8_011,44,0.803,0.8334,0.8334
hybrid+elo,B->A,ntw3_tow_b12_x8_012,162,0.8926,0.755,0.755
hybrid+elo,B->A,ntw3_tow_b13_x8_049,408,0.8092,0.3847,0.3847
hybrid+elo,B->A,ntw3_tow_b13_x8_050,36,1.0725,1.1496,1.1496
hybrid+elo,B->A,ntw3_tow_b14_x8_031,30,0.9402,0.8451,0.8451
hybrid+elo,B->A,ntw3_tow_b15_x8_052,85,1.4195,0.9933,0.9933
hybrid+elo,B->A,ntw3_tow_b15_x8_053,14,1.3151,0.4501,0.4501
hybrid+elo,B->A,ntw3_tow_b17_x8_055,78,1.0266,0.9027,0.9027
hybrid+elo,B->A,ntw3_tow_b17_x8_056,134,0.882,0.8868,0.8868
hybrid+elo,B->A,ntw3_tow_b17_x8_057,149,0.9193,-0.041,-0.041
hybrid+elo,B->A,ntw3_tow_c07_x8_017,8,0.7701,0.0511,0.0511
hybrid+elo,B->A,ntw3_tow_c08_x8_048,99,0.94,0.6406,0.6406
hybrid+elo,B->A,ntw3_tow_c10_x8_025,66,0.6477,0.4987,0.4987
hybrid+elo,B->A,ntw3_tow_c14_x8_030,33,0.4865,0.2376,0.2376
hybrid+elo,B->A,ntw3_tow_c15_x8_051,59,1.1827,0.3685,0.3685
hybrid+elo,B->A,piedmont_savoy,41,0.6594,0.2567,0.2567

SUMMARY model,,,,gain_insample,gain_otherhalf_self,gain_otherhalf_common
small+elo,,,,0.5852,0.3937,0.3407
hybsmall+elo,,,,0.8415,0.4133,0.4308
comp+elo,,,,1.1799,0.581,0.5751
hybrid+elo,,,,1.2723,0.5229,0.5229
