feature,coef_none,coef_elo,coef_player,coef_elo_player,z_none,z_elo
const,-0.6354,-0.7146,-0.5695,-0.6132,-0.66,-0.74
F,0.1502,-0.0327,-0.0372,-0.081,0.62,-0.13
surplus_k,0.0208,0.0029,0.0083,-0.0024,0.9,0.12
cost_k_infantry,-0.0181,-0.0009,-0.0265,-0.0137,-0.18,-0.01
cost_k_cavalry,-0.0093,0.0143,-0.0042,0.0097,-0.09,0.14
cost_k_artillery,-0.2059,-0.2366,-0.2393,-0.2477,-1.81,-2.06
n_infantry_line,0.0011,-0.0034,-0.0048,-0.0044,0.09,-0.26
n_infantry_light,0.0358,0.0177,0.0224,0.0148,2.15,1.02
n_infantry_grenadiers,0.0084,0.0075,0.0015,0.0037,0.37,0.32
n_infantry_militia,0.0198,0.0087,0.0093,0.006,0.98,0.41
n_infantry_skirmishers,-0.0118,-0.021,-0.0075,-0.019,-0.37,-0.64
n_infantry_irregulars,0.0591,0.0686,0.0721,0.0737,0.92,1.03
n_cavalry_heavy,-0.0384,-0.0635,-0.0528,-0.0578,-0.58,-0.92
n_cavalry_light,0.0413,0.0635,0.0347,0.0481,0.88,1.3
n_cavalry_standard,0.0146,0.0183,0.0065,0.0148,0.53,0.64
n_cavalry_lancers,0.0874,0.0988,0.0842,0.0883,1.66,1.81
n_cavalry_missile,0.2991,0.3064,0.2787,0.2738,2.0,1.94
n_artillery_foot,0.1035,0.1277,0.1253,0.1286,2.06,2.46
n_artillery_horse,0.1313,0.1565,0.1383,0.1656,1.24,1.43
commander,0.3659,0.2815,0.3071,0.2665,5.73,4.27
stars,0.0366,0.0527,0.0417,0.0483,1.76,2.5
tier_L,-0.0013,-0.003,-0.0021,-0.0027,-0.28,-0.65
tier_G,-0.0499,-0.0439,-0.0444,-0.0407,-2.78,-2.36
tier_S,-0.035,-0.0366,-0.0294,-0.0339,-1.42,-1.43
tier_C,-0.009,-0.031,-0.0162,-0.0255,-0.26,-0.86
tier_F,-0.0212,-0.0318,-0.0244,-0.0277,-0.9,-1.31
tier_H,0.1322,0.0989,0.1172,0.1056,1.65,1.2
models_k,0.0551,0.085,0.0908,0.0993,0.55,0.82
