model,term,coefficient
given true P,a[infantry]·P,0.8752604478
given true P,a[cavalry]·P,0.8788828048
given true P,a[artillery]·P,0.9146635037
given true P,b[infantry],-120.1402309
given true P,b[cavalry],-99.24022482
given true P,b[artillery],-101.0976596
given true P,P·Δmorale,0.04595799255
given true P,P·Δmelee_defense,0.02022717156
given true P,P·Δcharge,0.03595211757
given true P,P·Δaccuracy,0.01191992212
given true P,P·Δreload,0.001117017537
given true P,men·Δmorale,0.05693195546
given true P,"g[infantry, cavalry]·P·(r−1)",0.439805438
given true P,g[artillery]·P·(r−1),1.83229766
given true P,P·Δ(charge²),-0.0006744845192
given true P,P·Δ(reload²),2.450314812e-05
given true P,P·N·Δmorale,-0.003785135039
given true P,men·Δ(morale²),0.004789468473
given true P,men·Δreload,0.008545368378
given true P,k[infantry]·s,33.17293146
given true P,k[cavalry]·s,31.91035474
given true P,k[artillery]·s,13.68017725
given true P,c[infantry]·N·s,-2.177432317
given true P,c[cavalry]·N·s,-0.4930100517
given true P,c[artillery]·N·s,1.202898401
given true P,imperial,-3.973505282
"combined, adopted base",a[infantry]·P,0.8751104309
"combined, adopted base",a[cavalry]·P,0.8798561513
"combined, adopted base",a[artillery]·P,0.9174559558
"combined, adopted base",b[infantry],-111.9950356
"combined, adopted base",b[cavalry],-101.1988775
"combined, adopted base",b[artillery],-103.719946
"combined, adopted base",P·Δmorale,0.0616891794
"combined, adopted base",P·Δmelee_defense,0.0143156666
"combined, adopted base",P·Δcharge,0.01882590104
"combined, adopted base",P·Δaccuracy,0.008117383102
"combined, adopted base",P·Δreload,-0.005519947751
"combined, adopted base",men·Δmorale,0.01161076346
"combined, adopted base","g[infantry, cavalry]·P·(r−1)",0.4491419412
"combined, adopted base",g[artillery]·P·(r−1),1.856579111
"combined, adopted base",P·Δ(charge²),0.0001407878651
"combined, adopted base",P·Δ(reload²),5.571628472e-05
"combined, adopted base",P·N·Δmorale,-0.006319468299
"combined, adopted base",men·Δ(morale²),0.007954403538
"combined, adopted base",men·Δreload,0.0127136564
"combined, adopted base",k[infantry]·s,42.91574528
"combined, adopted base",k[cavalry]·s,39.86418993
"combined, adopted base",k[artillery]·s,35.38900352
"combined, adopted base",c[infantry]·N·s,-3.324903417
"combined, adopted base",c[cavalry]·N·s,-0.832547883
"combined, adopted base",c[artillery]·N·s,0.74789755
"combined, adopted base",imperial,-2.505154608
"combined, V4 base",a[infantry]·P,0.8566367909
"combined, V4 base",a[cavalry]·P,0.8718324998
"combined, V4 base",a[artillery]·P,0.9234503848
"combined, V4 base",b[infantry],-100.466562
"combined, V4 base",b[cavalry],-97.79340932
"combined, V4 base",b[artillery],-105.5454033
"combined, V4 base",P·Δmorale,0.05915702125
"combined, V4 base",P·Δmelee_defense,0.02498398696
"combined, V4 base",P·Δcharge,0.01836450132
"combined, V4 base",P·Δaccuracy,0.01001874119
"combined, V4 base",P·Δreload,-0.002377268298
"combined, V4 base",men·Δmorale,0.006968915127
"combined, V4 base","g[infantry, cavalry]·P·(r−1)",0.4570593572
"combined, V4 base",g[artillery]·P·(r−1),1.907912515
"combined, V4 base",P·Δ(charge²),-0.0003031043138
"combined, V4 base",P·Δ(reload²),4.498389801e-05
"combined, V4 base",P·N·Δmorale,-0.005195989231
"combined, V4 base",men·Δ(morale²),0.006168051837
"combined, V4 base",men·Δreload,0.005716377885
"combined, V4 base",k[infantry]·s,44.67931622
"combined, V4 base",k[cavalry]·s,40.75056464
"combined, V4 base",k[artillery]·s,20.75603809
"combined, V4 base",c[infantry]·N·s,-2.627276025
"combined, V4 base",c[cavalry]·N·s,-1.142837341
"combined, V4 base",c[artillery]·N·s,1.151713117
"combined, V4 base",imperial,-2.466740634
