army_corps_name,faction_key,rating,side,infantry_line,infantry_light,infantry_grenadiers,infantry_skirmishers,infantry_militia,infantry_irregulars,cavalry_light,cavalry_missile,cavalry_standard,cavalry_lancers,cavalry_heavy,artillery_foot,artillery_horse
[1798] 5. UK (Ireland),ntw3_tow_b03_x8_041,5,coalition,0.766,0.974,1.006,0.954,0.988,,1.029,,,,1.009,0.902,
[1809] 6. UK (Walcheren),ntw3_tow_b08_x8_045,6,coalition,0.991,1.003,,1.015,,,1.040,,,,0.975,0.786,1.005
[1815] 6. Österreich (Italien),ntw3_tow_b14_x8_031,6,coalition,0.898,0.888,1.034,1.071,1.005,1.040,1.029,,0.994,0.975,1.101,0.942,0.994
"[1799] 7. UK, Russia (Helder)",ntw3_tow_b03_x8_043,7,coalition,1.025,1.034,0.983,0.941,,,0.943,,,1.085,,0.941,1.017
[1799] 7. Österreich (Schwaben),ntw3_tow_b03_x8_042,7,coalition,1.002,1.091,0.971,1.156,1.011,1.042,0.935,,1.001,0.867,0.863,0.995,0.951
[1804] 7. Irānshahr,ntw3_tow_b15_x8_053,7,coalition,0.905,1.026,1.024,0.927,0.981,0.991,0.966,0.933,,0.986,1.057,1.020,0.959
[1808] 7. Sverige (Finska),ntw3_tow_b07_x8_018,7,coalition,0.997,0.904,1.027,1.253,1.014,,0.965,,0.999,,1.072,0.965,1.022
[1811] 7. España,ntw3_tow_b13_x8_050,7,coalition,0.984,0.986,0.987,1.035,1.009,0.827,1.070,,1.021,1.001,1.092,0.895,0.983
[1812] 7. UK (USA),ntw3_tow_b10_x8_026,7,coalition,0.949,0.997,1.051,0.925,0.994,0.781,1.085,0.912,1.002,0.940,1.062,0.967,1.015
[1815] 7. Preußen (Flandern),ntw3_tow_b12_x8_011,7,coalition,0.942,0.996,0.934,0.997,1.040,,0.921,,0.946,0.989,,0.879,1.023
8. Piemonte-Sardegna (1796),piedmont_savoy,8,coalition,0.955,0.813,0.961,1.417,0.649,,1.005,,0.951,1.000,1.014,1.100,1.009
"8. UK (Spain, 1808)",britain,8,coalition,1.007,1.070,,0.844,,,1.001,,,,,0.957,1.045
[1798] 8. Mamālīk,ntw3_tow_b04_x8_015,8,coalition,0.788,,0.975,0.824,1.012,0.841,0.863,1.010,1.024,0.942,1.076,0.972,
"[1800] 8. Osmanlı, UK",ntw3_tow_b04_x8_016,8,coalition,0.965,1.011,1.021,0.935,0.984,1.054,0.980,,1.002,0.959,1.080,0.882,1.114
[1805] 8. Österreich,ntw3_tow_b05_x8_007,8,coalition,1.003,1.064,1.036,1.021,0.984,,0.953,,1.010,0.979,1.018,0.999,0.998
[1809] 8. Österreich (Tyrol),ntw3_tow_b08_x8_046,8,coalition,1.007,0.959,1.076,1.171,0.742,1.000,1.044,,1.004,,,0.992,1.032
[1812] 8. Russkiy narod,ntw3_tow_b11_x8_014,8,coalition,,,,0.935,,0.779,1.073,1.013,,0.769,,0.996,0.899
[1814] 8. Preußen (Frankreich),ntw3_tow_b17_x8_056,8,coalition,0.950,0.978,0.973,1.029,1.009,,1.029,,1.006,0.997,0.905,1.033,1.059
[1814] 8. Österreich (Frankreich),ntw3_tow_b17_x8_055,8,coalition,0.999,0.931,1.040,1.083,1.008,1.019,0.832,,0.998,1.005,0.956,0.985,1.051
9. Heiliges Römisches Reich,ntw3_hre,9,coalition,0.992,0.957,1.143,1.149,1.008,1.122,1.160,,0.995,1.074,1.208,1.131,1.090
[1799] 9. Österreich (Italien),ntw3_tow_b03_x8_039,9,coalition,1.016,1.019,0.924,0.952,,,1.003,,,0.882,,1.007,0.975
"[1805] 9. Rossiya, Österreich",ntw3_tow_b05_x8_006,9,coalition,0.975,0.968,1.092,1.071,,1.015,1.087,,1.029,1.025,0.908,0.982,1.047
[1806] 9. Osmanlı,ntw3_tow_b15_x8_052,9,coalition,0.923,1.057,0.986,1.339,1.013,0.760,1.082,1.014,1.001,0.805,0.973,0.994,1.058
[1807] 9. Rossiya (Polsha),ntw3_tow_b06_x8_008,9,coalition,0.932,1.054,1.058,0.936,1.012,,1.069,,0.961,1.012,1.075,0.797,1.089
[1809] 9. España,ntw3_tow_b09_x8_019,9,coalition,1.004,1.068,0.961,0.955,0.968,0.628,1.040,,1.029,,1.084,0.916,1.094
"[1811] 9. UK, Portugal",ntw3_tow_b13_x8_049,9,coalition,0.836,0.886,1.031,1.017,,,1.000,,1.023,,1.083,0.982,1.023
[1814] 9. Rossiya (Frantsiya),ntw3_tow_b17_x8_057,9,coalition,1.002,1.051,1.018,1.025,,,1.080,1.035,0.976,0.959,0.926,0.991,1.125
"[1815] 9. UK, Nederlanden",ntw3_tow_b12_x8_012,9,coalition,1.009,0.992,1.081,1.075,0.977,,0.995,,,0.997,0.851,1.003,1.128
[1806] 10. Preußen,ntw3_tow_b06_x8_009,10,coalition,0.914,1.019,1.232,1.049,,,1.037,,0.933,,0.975,1.043,1.105
"[1809] 10. UK, España, Portugal",ntw3_tow_b09_x8_020,10,coalition,0.936,0.979,0.943,0.946,1.014,,1.043,,1.012,1.026,1.261,1.056,1.079
[1809] 10. Österreich,ntw3_tow_b08_x8_044,10,coalition,0.981,1.041,0.946,1.012,1.047,0.977,0.957,,1.009,0.981,1.011,1.050,1.080
[1812] 10. Rossiya,ntw3_tow_b11_x8_013,10,coalition,0.980,1.041,0.994,0.941,1.098,,1.102,1.033,0.929,1.024,1.023,0.942,1.160
[1798] 5. France (Irlande),ntw3_tow_a03_x8_038,5,imperial,0.979,0.926,0.813,1.151,1.040,,1.114,,,,,0.913,0.962
[1805] 6. France (Tyrol),ntw3_tow_a05_x8_004,6,imperial,0.967,0.937,0.949,1.129,,,1.063,,0.846,,1.061,0.960,0.986
[1812] 6. France (Russie-Nord),ntw3_tow_a11_x8_027,6,imperial,0.983,0.981,1.009,0.971,,,0.895,,1.031,1.023,1.056,0.952,0.956
[1815] 6. Napoli,ntw3_tow_c14_x8_030,6,imperial,0.979,1.072,0.994,1.078,,,1.037,,,0.963,1.006,0.923,1.007
7. Danmark,denmark,7,imperial,0.918,0.810,0.937,1.074,1.033,,0.847,,1.003,0.997,0.913,0.833,0.635
[1799] 7. France (Hollande),ntw3_tow_a03_x8_040,7,imperial,0.944,0.984,1.025,1.199,,,0.871,,0.952,,1.073,0.921,0.979
[1808] 7. Rossiya (Finlyandiya),ntw3_tow_c07_x8_017,7,imperial,1.043,0.941,1.016,1.188,,,1.060,,1.012,0.827,0.925,0.910,0.934
"[1809] 7. Polska, sojusznicy",ntw3_tow_c08_x8_048,7,imperial,0.958,0.880,1.099,1.042,,,1.046,,1.030,0.570,1.040,0.983,1.064
[1812] 7. France (Russie-Sud),ntw3_tow_a11_x8_029,7,imperial,0.977,0.992,1.099,1.062,,,0.961,,0.967,0.954,1.059,0.997,0.990
[1812] 7. United States,ntw3_tow_c10_x8_025,7,imperial,0.904,1.006,1.188,0.930,0.801,,1.042,,1.078,,,0.951,0.829
[1798] 8. France (Égypte),ntw3_tow_a04_x8_005,8,imperial,0.898,0.922,0.978,0.978,1.056,1.045,1.015,,0.903,,,0.946,0.937
"[1804] 8. Rossiya (Kavkaz, Dunau)",ntw3_tow_c15_x8_051,8,imperial,0.941,0.809,0.976,1.250,,0.951,1.003,,0.911,0.992,1.062,0.911,1.024
[1811] 8. France (Espagne),ntw3_tow_a13_x8_022,8,imperial,0.972,1.054,0.962,0.931,,1.044,0.965,,0.921,0.988,1.075,0.952,1.024
[1814] 8. France,ntw3_tow_a17_x8_054,8,imperial,0.862,0.847,0.915,1.108,1.006,,1.061,,0.955,0.979,0.886,0.806,1.076
9. France (1796),france,9,imperial,1.001,1.063,1.019,0.759,,,1.048,,1.023,1.036,1.016,1.014,1.081
[1799] 9. France (Italie),ntw3_tow_a03_x8_032,9,imperial,0.919,1.031,0.941,0.965,,,0.996,,0.983,,1.050,0.865,0.997
[1799] 9. France (Rhin),ntw3_tow_a03_x8_033,9,imperial,1.062,1.040,0.877,1.027,,,0.919,,0.926,1.009,1.088,1.017,1.104
[1815] 9. France (Flandres),ntw3_tow_a12_x8_003,9,imperial,0.878,1.027,1.083,1.083,,,0.996,,1.004,0.991,0.831,0.979,1.048
[1809] 10. France (Autriche),ntw3_tow_a08_x8_047,10,imperial,0.941,1.037,0.978,1.117,,,1.016,,1.038,0.970,0.950,1.047,1.093
[1809] 10. France (Espagne),ntw3_tow_a09_x8_021,10,imperial,0.949,0.927,1.030,1.084,0.982,,1.040,,0.850,1.029,1.030,0.982,1.109
[1805] 11. France (Allemagne),ntw3_tow_a05_x8_001,11,imperial,0.914,0.993,1.012,1.077,,,1.050,,0.967,,1.046,1.007,1.099
[1812] 11. France (Russie-Centre),ntw3_tow_a11_x8_028,11,imperial,0.999,1.098,0.990,0.996,,,0.995,,1.001,0.990,0.959,0.867,1.140
[1806] 12. France (Prusse),ntw3_tow_a06_x8_002,12,imperial,0.933,1.010,0.988,0.875,,,1.004,,0.947,,0.889,1.016,1.082
