id,model,params,cv_mae,sd,se,median_ape,fold_mae,notes
B0,C = P (no change),0,94.02,1.20,0.54,19.10,"[94.01, 94.56, 92.48, 95.67, 93.39]",
B00,C = global median,1,285.06,7.28,3.25,46.88,"[275.46, 294.92, 288.75, 283.77, 282.41]",
L1ols,C = a P + b [ols],2,75.37,1.31,0.58,14.87,"[75.79, 76.12, 73.35, 76.71, 74.9]",
L2ols,C = P(a + c s) + b + d s [ols],4,34.74,1.04,0.46,5.27,"[34.93, 36.47, 34.07, 33.92, 34.34]",
L3ols,C = P(a + c s + e s^2) + b + d s + f s^2 [ols],6,33.97,1.09,0.49,4.84,"[34.36, 35.7, 33.13, 33.16, 33.51]",
L4ols,per arm: C = P(a + c s) + b + d s [ols],12,19.17,0.29,0.13,2.65,"[19.11, 18.98, 19.1, 19.68, 18.98]",
L5ols,star lookup: C = a_s P + b_s (s<=6) [ols],14,33.76,0.85,0.38,4.71,"[33.84, 35.14, 33.07, 33.04, 33.69]",
L6ols,arm x star lookup (s<=5): C = a P + b [ols],36,17.25,0.56,0.25,2.11,"[17.34, 17.53, 16.98, 17.94, 16.46]",
L1lad,C = a P + b [lad],2,71.74,1.60,0.72,12.57,"[72.91, 72.47, 69.06, 72.82, 71.44]",
L2lad,C = P(a + c s) + b + d s [lad],4,33.89,1.61,0.72,4.98,"[34.97, 36.13, 32.3, 33.29, 32.76]",
L3lad,C = P(a + c s + e s^2) + b + d s + f s^2 [lad],6,33.24,1.73,0.77,4.78,"[34.56, 35.6, 31.94, 32.35, 31.75]",
L4lad,per arm: C = P(a + c s) + b + d s [lad],12,17.53,0.63,0.28,2.29,"[17.47, 17.28, 17.99, 18.25, 16.65]",
L5lad,star lookup: C = a_s P + b_s (s<=6) [lad],14,33.05,1.47,0.66,4.74,"[33.72, 35.31, 31.64, 32.31, 32.28]",
L6lad,arm x star lookup (s<=5): C = a P + b [lad],36,15.89,0.77,0.34,1.77,"[16.05, 15.83, 16.09, 16.78, 14.68]",
D1ols,C = P(a + sum w_k dk) + b [ols],8,23.53,0.68,0.30,3.69,"[22.58, 23.69, 23.97, 24.29, 23.14]",
D2ols,C = P(a + sum w_k dk) + b + sum v_k dk [ols],14,17.29,0.64,0.28,2.13,"[16.72, 17.57, 17.28, 18.21, 16.68]",
D3ols,"arm a,b + P*w dk + v dk [ols]",18,17.61,0.80,0.36,2.19,"[17.02, 17.92, 17.44, 18.83, 16.84]",
D4ols,"per-arm star model L4 + deltas (P*dk, dk) [ols]",24,17.98,0.65,0.29,2.20,"[18.02, 18.37, 17.59, 18.79, 17.12]",
D5ols,C = P(a + sum w_k dk/reg_k) + b + c s [ols],9,25.21,0.36,0.16,4.02,"[25.33, 24.92, 24.94, 25.78, 25.07]",
D6ols,"arm a,b + rel deltas (P*, plain) + s [ols]",19,21.63,0.87,0.39,3.23,"[20.86, 21.24, 21.43, 23.11, 21.52]",
D1lad,C = P(a + sum w_k dk) + b [lad],8,22.04,0.67,0.30,3.03,"[21.05, 21.94, 22.69, 22.62, 21.9]",
D2lad,C = P(a + sum w_k dk) + b + sum v_k dk [lad],14,16.20,0.74,0.33,1.89,"[15.84, 16.38, 16.46, 17.14, 15.16]",
D3lad,"arm a,b + P*w dk + v dk [lad]",18,15.87,0.69,0.31,1.87,"[15.96, 15.8, 16.13, 16.68, 14.79]",
D4lad,"per-arm star model L4 + deltas (P*dk, dk) [lad]",24,15.59,0.68,0.31,1.77,"[15.79, 15.52, 15.92, 16.25, 14.46]",
D5lad,C = P(a + sum w_k dk/reg_k) + b + c s [lad],9,21.70,1.71,0.76,2.60,"[21.92, 21.75, 19.63, 24.29, 20.93]",
D6lad,"arm a,b + rel deltas (P*, plain) + s [lad]",19,18.68,1.18,0.53,2.22,"[18.76, 18.53, 18.04, 20.6, 17.48]",
M1lad,per arm: P(a+cs) + men(g+hs) + b + ds [lad],18,15.09,0.58,0.26,2.00,"[14.89, 14.64, 15.51, 15.88, 14.55]",
M2lad,per arm: P(a+cs) + g men + b + ds [lad],15,15.44,0.49,0.22,2.08,"[15.18, 15.33, 15.63, 16.16, 14.88]",
M3lad,M1 + per-arm P*(size ratio-1) [lad],21,13.29,0.74,0.33,1.98,"[13.39, 13.23, 12.55, 14.47, 12.82]",
M4lad,L4 + per-arm P*(size ratio-1) [lad],15,15.42,0.69,0.31,2.27,"[15.67, 15.71, 14.78, 16.28, 14.65]",
M5lad,"M3 + per-arm corps, P*corps [lad]",27,12.76,0.80,0.36,1.96,"[13.09, 12.64, 11.93, 13.95, 12.2]",
M6lad,M3 + per-arm s*corps [lad],24,12.73,0.75,0.33,1.97,"[12.83, 12.59, 11.96, 13.94, 12.35]",
E1,"arm a,b + P*(size-1) + men*dk [lad]",13,25.43,1.61,0.72,2.93,"[24.36, 24.85, 25.67, 28.11, 24.14]",
E2,"arm a,b + P*(size-1) + men*dk + P*dk [lad]",19,13.90,0.61,0.27,1.65,"[13.89, 13.56, 14.14, 14.78, 13.15]",
E3,"arm a,b + P*(size-1) + men*dk + P*dk + dk [lad]",25,12.55,0.80,0.36,1.49,"[12.61, 12.08, 12.34, 13.88, 11.84]",
E4,E2 + corps*dk [lad],25,13.37,0.70,0.31,1.64,"[13.11, 13.0, 13.41, 14.56, 12.81]",
E5,E2 + corps*s + s [lad],21,11.58,0.73,0.33,1.38,"[11.72, 11.05, 11.56, 12.73, 10.86]",
E6,"arm a,b + P*(size-1) + men*s*arm + P*s*arm + s*arm + corps*s [lad]",17,14.36,0.69,0.31,2.10,"[14.45, 13.56, 14.73, 15.25, 13.81]",
F1,"arm a,b + P(size-1) + F*men*dk + P*dk, F=1+lam(corps-9) [lad]",20,13.43,0.71,0.32,1.64,"[13.3, 12.92, 13.88, 14.4, 12.67]",lam=-0.04
F2,"arm a,b + P(size-1) + F*men*dk + F*dk + P*dk, F=1+lam(corps-9) [lad]",26,11.81,0.85,0.38,1.39,"[11.82, 11.22, 11.67, 13.23, 11.1]",lam=-0.04
F3,"arm a,b + P(size-1) + F*men*dk + F*dk, F=1+lam(corps-9) [lad]",20,18.59,1.05,0.47,2.33,"[18.27, 17.96, 18.63, 20.37, 17.73]",lam=-0.02
V1,C = P + arm consts + V*dk [lad],11,29.57,0.93,0.42,3.98,"[30.73, 29.83, 28.52, 30.06, 28.72]",V=army-free stat value (diagnostic)
V2,C = P + arm consts + P*dk (compare) [lad],11,19.82,0.53,0.24,2.63,"[19.7, 19.57, 19.72, 20.74, 19.37]",V=army-free stat value (diagnostic)
V3,C = P + arm consts + V*dk + men*dk [lad],17,22.14,0.59,0.26,2.80,"[22.57, 22.09, 22.0, 22.78, 21.27]",V=army-free stat value (diagnostic)
V4,C = aP + arm consts + V*arm + V*dk + men*dk [lad],20,17.33,0.45,0.20,2.13,"[17.85, 17.04, 17.19, 17.75, 16.82]",V=army-free stat value (diagnostic)
V5,C = a_arm P + arm consts + V*arm + V*dk + men*dk + dk [lad],28,15.05,0.76,0.34,1.84,"[15.44, 14.24, 14.97, 16.12, 14.47]",V=army-free stat value (diagnostic)
G0,"E5 core, no size term (men*dk uses regular men) [lad]",20,12.39,0.46,0.21,1.37,"[12.39, 12.12, 12.58, 13.05, 11.82]","size rows MAE 235, other 9.38"
G1,core + P*(ratio-1) [lad],21,11.46,0.66,0.30,1.38,"[11.57, 11.09, 11.33, 12.53, 10.79]","size rows MAE 165, other 9.38"
G2,core + per-arm P*(ratio-1) [lad],23,10.46,0.72,0.32,1.38,"[10.78, 10.69, 9.52, 11.35, 9.95]","size rows MAE 90, other 9.38"
G3,core + per-arm P*(ratio^2-1) [lad],23,10.56,0.77,0.34,1.38,"[10.72, 10.69, 9.7, 11.69, 10.02]","size rows MAE 98, other 9.38"
G4,core + inf/cav P*(ratio-1) + art P*(ratio^2-1) [lad],23,10.48,0.63,0.28,1.38,"[10.7, 10.68, 9.68, 11.3, 10.04]","size rows MAE 92, other 9.38"
G5,core + per-arm P*(ratio-1) + per-arm (ratio-1) [lad],26,10.39,0.72,0.32,1.37,"[10.72, 10.63, 9.62, 11.29, 9.7]","size rows MAE 85, other 9.38"
H1,G2 + P*s^2 [lad],24,10.28,0.65,0.29,1.32,"[10.58, 10.58, 9.49, 11.03, 9.71]",
H2,G2 + per-arm P*s^2 [lad],26,10.12,0.59,0.26,1.32,"[10.42, 10.3, 9.45, 10.84, 9.59]",
H3,G2 + per-arm P*s^2 + s^2 [lad],27,10.10,0.59,0.27,1.29,"[10.37, 10.32, 9.37, 10.83, 9.62]",
H4,G2 + per-arm P*s^2 + men*s^2 [lad],27,10.12,0.59,0.26,1.31,"[10.41, 10.28, 9.45, 10.86, 9.6]",
H5,per arm P(a+cs+es^2) + b + ds + men*s(arm) + corps*s + size [lad],22,11.96,0.45,0.20,1.72,"[12.4, 12.23, 11.65, 12.21, 11.33]",
H6,H5 + men*s^2(arm) [lad],25,11.86,0.44,0.20,1.69,"[12.39, 12.01, 11.59, 12.08, 11.26]",
N1,P exp(a_arm + b.dk) ratio^g_arm + men v.dk + c_arm + d s(corps-9),22,12.16,0.42,0.19,1.65,"[12.16, 12.45, 11.87, 12.66, 11.64]",
N2,P exp(a_arm + b.dk) ratio^g_arm + c_arm + d s(corps-9),16,18.56,0.64,0.29,2.66,"[18.51, 18.78, 17.74, 19.48, 18.31]",
N3,(P+K) exp(a_arm+b.dk) ratio^g_arm + men v.dk + c_arm + d s(corps-9),23,11.61,0.57,0.25,1.52,"[11.86, 11.85, 11.2, 12.28, 10.86]",
I0,G2 core (reference) [lad],23,10.46,0.72,0.32,1.38,"[10.78, 10.69, 9.52, 11.35, 9.95]",
I1,"core minus stars terms (S, corps*S) [lad]",21,12.86,0.52,0.23,1.66,"[13.08, 13.25, 12.26, 13.38, 12.35]",
I2,core minus corps*S [lad],22,11.13,0.74,0.33,1.44,"[11.46, 11.47, 10.17, 11.98, 10.55]",
I3,core minus men*dk [lad],17,13.64,0.72,0.32,1.81,"[13.74, 14.26, 12.97, 14.41, 12.83]",
I4,core minus size terms [lad],20,12.39,0.46,0.21,1.37,"[12.39, 12.12, 12.58, 13.05, 11.82]",
I5,"core minus all stat deltas (stars only: P*s, men*s, s, corps*s per arm) [lad]",19,13.34,0.53,0.24,2.09,"[13.59, 13.13, 12.9, 14.14, 12.93]",
I6,"core + corps, P*corps [lad]",25,10.31,0.75,0.34,1.35,"[10.7, 10.52, 9.38, 11.25, 9.73]",
I7,core + side [lad],24,10.43,0.71,0.32,1.35,"[10.76, 10.63, 9.51, 11.33, 9.94]",
I8,core + men [lad],24,10.43,0.70,0.31,1.37,"[10.72, 10.72, 9.49, 11.26, 9.93]",
I9,core + class dummies (12) [lad],36,10.31,0.77,0.34,1.34,"[10.62, 10.53, 9.33, 11.3, 9.76]",
I10,core + training dummies (5) [lad],28,10.43,0.74,0.33,1.35,"[10.8, 10.65, 9.46, 11.33, 9.92]",
I11,"core + army intercepts (55, lookup) [lad]",77,10.20,0.73,0.33,1.32,"[10.65, 10.33, 9.19, 11.05, 9.8]",army lookup
I12,"core + army P-multipliers (55, lookup) [lad]",77,10.22,0.71,0.32,1.32,"[10.61, 10.42, 9.28, 11.06, 9.71]",army lookup
I13,core + regular flags (13) [lad],36,10.07,0.72,0.32,1.32,"[10.54, 10.39, 9.19, 10.8, 9.42]",
I14,core + P*flags (13) [lad],36,10.05,0.67,0.30,1.31,"[10.48, 10.44, 9.29, 10.69, 9.37]",
I15,core + scare gained [lad],24,10.47,0.74,0.33,1.37,"[10.77, 10.78, 9.5, 11.37, 9.94]",
I16,core + regular stats (8) [lad],31,10.00,0.75,0.34,1.30,"[10.33, 10.09, 9.09, 11.02, 9.48]",
I17,core + P*regular stats (8) [lad],31,10.11,0.73,0.33,1.30,"[10.44, 10.23, 9.27, 11.08, 9.51]",
J1,"arm a,b + P*(mo,md,cb,ac,rl) + men*dmo + s + corps*s + size3 [lad]",17,10.46,0.72,0.32,1.38,"[10.79, 10.69, 9.5, 11.33, 10.0]",
J2,J1 with men*s instead of men*dmo [lad],17,12.11,0.63,0.28,1.68,"[12.22, 12.32, 11.73, 12.97, 11.32]",
J3,J1 with men (const) instead of men*dmo [lad],17,11.59,0.78,0.35,1.58,"[11.59, 12.16, 10.56, 12.51, 11.13]",
J4,J1 + men*dmd + men*dac [lad],19,10.46,0.73,0.32,1.37,"[10.81, 10.7, 9.48, 11.33, 10.0]",
J5,J1 with single a (P) + arm b [lad],15,10.73,0.69,0.31,1.42,"[11.13, 10.89, 9.91, 11.58, 10.16]",
J6,J1 with single b + arm a [lad],15,11.36,0.77,0.35,1.58,"[11.5, 11.74, 10.28, 12.31, 10.96]",
J7,J1 with single size term [lad],15,11.47,0.65,0.29,1.38,"[11.6, 11.1, 11.29, 12.53, 10.84]",
J8,"J1 with size: inf/cav shared, art own [lad]",16,10.38,0.64,0.29,1.38,"[10.73, 10.68, 9.48, 11.05, 9.97]",
J9,J1 minus P*drl [lad],16,10.98,0.79,0.35,1.46,"[11.22, 11.32, 9.85, 11.92, 10.59]",
J10,J1 minus P*dac [lad],16,11.01,0.80,0.36,1.38,"[11.44, 11.14, 10.16, 12.06, 10.26]",
J11,J1 minus P*dcb [lad],16,10.75,0.71,0.32,1.38,"[10.96, 10.86, 9.85, 11.75, 10.33]",
J12,J1 minus P*dmd [lad],16,11.45,0.73,0.33,1.57,"[11.67, 11.81, 10.51, 12.33, 10.92]",
J13,J1 minus P*dmo [lad],16,11.88,0.63,0.28,1.63,"[12.01, 11.72, 11.09, 12.84, 11.73]",
J14,J1 + P*dma [lad],18,10.44,0.71,0.32,1.37,"[10.76, 10.68, 9.49, 11.29, 9.96]",
J15,"J1 minus s, corps*s [lad]",15,14.14,0.60,0.27,1.91,"[14.39, 14.45, 13.22, 14.74, 13.91]",
J16,J1 minus corps*s [lad],16,11.17,0.78,0.35,1.44,"[11.51, 11.55, 10.11, 12.05, 10.64]",
K0,J8 [ols],16,10.64,0.64,0.29,1.48,"[11.02, 10.69, 9.9, 11.47, 10.13]",
K1,J8 + corps*men*dmo [lad],17,10.31,0.65,0.29,1.36,"[10.67, 10.62, 9.4, 10.99, 9.88]",
K2,"J8 + per-arm s, corps*s [lad]",20,10.13,0.68,0.30,1.35,"[10.51, 10.49, 9.15, 10.79, 9.74]",
K3,J8 + s^2 [lad],17,10.20,0.62,0.28,1.34,"[10.63, 10.5, 9.33, 10.75, 9.76]",
K4,J8 + P*s^2 [lad],17,10.19,0.60,0.27,1.32,"[10.58, 10.52, 9.38, 10.74, 9.72]",
K5,J8 + corps (main) [lad],17,10.35,0.65,0.29,1.37,"[10.77, 10.64, 9.44, 10.98, 9.91]",
K6,J8 + P*corps [lad],17,10.24,0.67,0.30,1.36,"[10.68, 10.5, 9.34, 10.93, 9.75]",
K7,J8 + corps*P*dmo [lad],17,10.18,0.70,0.31,1.36,"[10.59, 10.41, 9.27, 10.96, 9.66]",
K8,J8 with men_c instead of men_r [lad],16,10.50,0.66,0.29,1.37,"[10.8, 10.66, 9.73, 11.34, 9.95]",
K9,J8 + P*s^2 + s^2 [lad],18,10.17,0.61,0.27,1.34,"[10.59, 10.49, 9.35, 10.72, 9.7]",
K10,J8 + reg stats(8) [lad],24,9.91,0.65,0.29,1.32,"[10.24, 10.07, 9.08, 10.7, 9.45]",
Q1,J8 with per-arm men*dmo [lad],18,10.34,0.63,0.28,1.38,"[10.69, 10.65, 9.43, 10.97, 9.97]",
Q2,J8 + per-arm men [lad],19,10.38,0.65,0.29,1.38,"[10.71, 10.73, 9.45, 11.03, 9.98]",
Q3,J8 + men*s [lad],17,10.38,0.66,0.29,1.38,"[10.72, 10.71, 9.45, 11.05, 9.96]",
Q4,J8 + per-arm men + men*s [lad],20,10.37,0.65,0.29,1.38,"[10.7, 10.72, 9.44, 11.02, 9.97]",
Q5,J8 with per-arm men*dmo + men*s [lad],19,10.34,0.63,0.28,1.38,"[10.67, 10.67, 9.42, 10.96, 9.96]",
Q6,J8 with per-arm men*dmo + men*dmd + men*drl [lad],20,10.34,0.62,0.28,1.37,"[10.67, 10.64, 9.44, 10.96, 9.97]",
R1,J8 + P/men [lad],17,10.35,0.63,0.28,1.38,"[10.69, 10.67, 9.44, 11.0, 9.97]",
R2,J8 + per-arm P/men [lad],19,10.34,0.64,0.29,1.39,"[10.62, 10.78, 9.42, 10.93, 9.94]",
R3,J8 + per-arm 1/men [lad],19,10.34,0.64,0.29,1.38,"[10.64, 10.78, 9.44, 10.93, 9.91]",
R4,J8 - men*dmo + per-arm P/men [lad],18,11.78,0.62,0.28,1.59,"[11.71, 12.6, 11.02, 12.17, 11.42]",
R5,J8 + P/men + P/men*s [lad],18,10.34,0.64,0.29,1.38,"[10.64, 10.72, 9.4, 10.97, 9.98]",
R6,J8 + P/men*dmo [lad],17,10.36,0.63,0.28,1.38,"[10.71, 10.62, 9.47, 11.03, 9.94]",
T1,J8 + depth-4 tree on residuals (diagnostic),31,9.79,0.61,0.27,1.30,"[10.09, 10.09, 9.07, 10.47, 9.23]",tree leaves ~16
T2,C = P + depth-4 tree(C-P),16,26.89,0.68,0.30,3.88,"[26.81, 26.93, 26.0, 27.91, 26.8]",16 leaves
T1,J8 + depth-4 tree on residuals (diagnostic),31,9.79,0.61,0.27,1.30,"[10.09, 10.09, 9.07, 10.47, 9.23]",tree leaves ~16
T2,C = P + depth-4 tree(C-P),16,26.89,0.68,0.30,3.88,"[26.81, 26.93, 26.0, 27.91, 26.8]",16 leaves
U1,J8 with men*d(morale^2) [lad],16,12.06,0.68,0.30,1.57,"[12.56, 12.43, 11.14, 12.62, 11.53]",
U2,J8 + men*d(morale^2) [lad],17,10.17,0.61,0.27,1.34,"[10.53, 10.47, 9.33, 10.79, 9.74]",
U3,J8 + P*d(morale^2) [lad],17,10.38,0.65,0.29,1.37,"[10.75, 10.67, 9.46, 11.05, 9.96]",
U4,J8 + men*dmo*reg_morale [lad],17,10.17,0.61,0.27,1.34,"[10.53, 10.47, 9.32, 10.8, 9.75]",
U5,J8 + P*d(stat^2) x5 [lad],21,9.86,0.63,0.28,1.29,"[10.13, 10.01, 9.03, 10.66, 9.46]",
U6,J8 + P*d(morale^2) + men*d(morale^2) [lad],18,10.05,0.64,0.28,1.30,"[10.52, 10.32, 9.19, 10.65, 9.58]",
W1,J8 fully per arm [lad],29,10.03,0.76,0.34,1.32,"[10.4, 10.29, 8.95, 10.9, 9.59]",
W2,"arm x star lookup (a,b) + men*dmo + corps*s + size, per arm [lad]",45,10.00,0.68,0.30,1.26,"[10.51, 10.13, 9.08, 10.73, 9.57]",
Z1,"aP + b + P(w.dmo,dmd,drl) + v men dmo + s(k - c corps) + g P(r-1) [lad]",9,13.58,0.85,0.38,1.71,"[13.74, 13.17, 13.45, 14.91, 12.63]",
Z2,"aP + b + P(w.dmo,dmd,dac,drl) + v men dmo + s(k - c corps) + g P(r-1) [lad]",10,13.06,0.81,0.36,1.69,"[13.04, 12.65, 12.83, 14.45, 12.34]",
Z3,"aP + b + P(w.dmo,dmd,dcb,dac,drl) + v men dmo + s(k - c corps) + g P(r-1) [lad]",11,12.90,0.76,0.34,1.69,"[12.93, 12.57, 12.67, 14.16, 12.15]",
Z4,"aP + b + P(w.dmo,dmd,drl) + v men dmo + s(k - c corps) [lad]",8,14.56,0.68,0.30,1.72,"[14.59, 14.19, 14.8, 15.51, 13.7]",
Z5,"aP + b + P(w.dmo,dmd) + v men dmo + s(k - c corps) + g P(r-1) [lad]",8,18.87,0.95,0.42,2.04,"[18.4, 19.11, 18.72, 20.32, 17.79]",
Z6,"a_arm P + b + P(w.dmo,dmd,drl) + v men dmo + s(k - c corps) + g P(r-1) [lad]",11,12.92,0.71,0.32,1.60,"[12.96, 12.55, 12.92, 14.04, 12.13]",
Z7,stars only: P(a + c s) + b + v men (1+floor(s/2)) + s(k - c corps) + g P(r-1) [lad],7,24.37,1.09,0.49,3.14,"[24.27, 24.6, 23.86, 26.03, 23.07]",
Z8,stars+arm: P(a_arm + c_arm s) + b + v men dmo + s(k - c corps) + g P(r-1) [lad],11,13.03,0.51,0.23,1.67,"[12.99, 12.89, 13.07, 13.8, 12.38]",
Z9,Z1 with art size separate [lad],10,12.42,0.83,0.37,1.71,"[12.79, 12.73, 11.48, 13.45, 11.66]",
Z10,Z2 with art size separate [lad],11,11.90,0.80,0.36,1.68,"[12.08, 12.24, 10.87, 12.95, 11.38]",
X1,a_arm P + b_arm + size + lam_army*(P w.d + men v dmo + k s) (55 army scales),69,10.10,0.64,0.28,1.34,"[10.51, 10.41, 9.19, 10.7, 9.71]",army lookup on premium
