arm,rank,size,p,linear,multiplicative,const_c,params,mae_mean,mae_sd,mape_mean,r2_mean,best,headline
infantry,1,n,1.1,drill,rating side training,0,52,38.0957,1.5290,10.7610,0.93649,1,0
infantry,2,n,1.1,,rating side training,0,49,38.0991,1.3570,10.8481,0.93714,0,0
infantry,3,n,1.1,drill,rank_depth rating side training,0,53,38.1107,1.5355,10.7662,0.93616,0,0
infantry,4,n,1.1,,rank_depth rating side training,0,50,38.1141,1.3651,10.8527,0.93694,0,0
infantry,5,n,1.1,drill,rating side,0,48,38.1550,1.5088,10.7489,0.93449,0,0
infantry,6,n,1.1,drill rank_depth,rating side training,0,53,38.1555,1.5806,10.7789,0.93548,0,0
infantry,7,n,1.1,drill,rank_depth rating side,0,49,38.1610,1.5126,10.7557,0.93400,0,0
infantry,8,n,1.1,rank_depth,rating side training,0,50,38.1667,1.4127,10.8736,0.93618,0,0
infantry,9,n,1.1,,drill rating side training,0,52,38.1825,1.3465,10.8567,0.93718,0,0
infantry,10,n,1.1,drill,rating side training,1,53,38.1956,1.4749,10.7799,0.93635,0,0
infantry,11,n,1.1,drill training,rating side,0,52,38.1978,1.4423,10.7979,0.93532,0,0
infantry,12,n,1.1,,drill rank_depth rating side training,0,53,38.1987,1.3531,10.8626,0.93695,0,0
infantry,13,n,1.1,drill rank_depth,rating side,0,49,38.2012,1.5648,10.7630,0.93352,0,0
infantry,14,n,1.1,training,rating side,0,49,38.2048,1.3468,10.8473,0.93590,0,0
infantry,15,n,1.1,,rating side training,1,50,38.2087,1.2982,10.8648,0.93697,0,0
infantry,16,n,1.1,drill training,rank_depth rating side,0,53,38.2098,1.4480,10.8000,0.93511,0,0
infantry,17,n,1.1,training,rank_depth rating side,0,50,38.2159,1.3527,10.8477,0.93586,0,0
infantry,18,n,1.1,training,drill rating side,0,52,38.2175,1.3084,10.8199,0.93668,0,0
infantry,19,n,1.1,drill,rating side,1,49,38.2214,1.4625,10.7615,0.93438,0,0
infantry,20,n,1.1,,rating side,0,45,38.2266,1.3938,10.8571,0.93545,0,1
infantry,21,n,1.1,training,drill rank_depth rating side,0,53,38.2273,1.3135,10.8210,0.93662,0,0
infantry,22,n,1.1,,rank_depth rating side,0,46,38.2339,1.3957,10.8637,0.93510,0,0
infantry,23,n,1.1,rank_depth training,rating side,0,50,38.2341,1.3949,10.8566,0.93531,0,0
infantry,24,n,1.1,drill rank_depth training,rating side,0,53,38.2356,1.4930,10.8089,0.93459,0,0
infantry,25,n,1.1,rank_depth training,drill rating side,0,53,38.2472,1.3514,10.8296,0.93613,0,0
infantry,26,n,1.1,rank_depth,drill rating side training,0,53,38.2562,1.4008,10.8839,0.93618,0,0
infantry,27,n,1.1,rank_depth,rating side,0,46,38.2779,1.4553,10.8741,0.93449,0,0
infantry,28,n,1.1,,drill rating side training,1,53,38.2837,1.2865,10.8695,0.93710,0,0
infantry,29,n,1.1,,rating side,1,46,38.2968,1.3458,10.8671,0.93533,0,0
infantry,30,n,1.1,,drill rating side,0,48,38.2987,1.3214,10.8729,0.93628,0,0
infantry,31,n,1.1,,drill rank_depth rating side,0,49,38.3112,1.3233,10.8812,0.93592,0,0
infantry,32,n,1.1,drill,rank_depth rating side training,1,54,38.3181,1.4494,10.8295,0.93476,0,0
infantry,33,n,1.1,drill training,rating side,1,53,38.3242,1.3829,10.8219,0.93518,0,0
infantry,34,n,1.1,training,rating side,1,50,38.3378,1.2949,10.8671,0.93574,0,0
infantry,35,n,1.1,,rank_depth rating side training,1,51,38.3407,1.2487,10.9177,0.93535,0,0
infantry,36,n,1.1,drill,rank_depth rating side,1,50,38.3495,1.4262,10.8169,0.93260,0,0
infantry,37,n,1.1,training,drill rating side,1,53,38.3597,1.2589,10.8345,0.93666,0,0
infantry,38,n,1.1,rank_depth,drill rating side,0,49,38.3656,1.3761,10.8969,0.93536,0,0
infantry,39,n,1.1,,drill rating side,1,49,38.3856,1.2690,10.8841,0.93623,0,0
infantry,40,n,1.1,,rank_depth rating side,1,47,38.4293,1.2968,10.9219,0.93367,0,0
infantry,41,n,1.1,drill training,rank_depth rating side,1,54,38.4357,1.3547,10.8708,0.93348,0,0
infantry,42,n,1.1,,drill rank_depth rating side training,1,54,38.4450,1.2178,10.9283,0.93539,0,0
infantry,43,n,1.1,training,rank_depth rating side,1,51,38.4517,1.2586,10.9139,0.93408,0,0
infantry,44,n,1.1,drill rank_depth,rating side,1,50,38.4805,1.5705,10.8333,0.93155,0,0
infantry,45,n,1.1,drill rank_depth,rating side training,1,54,38.5100,1.5899,10.8667,0.93325,0,0
infantry,46,n,1.1,training,drill rank_depth rating side,1,54,38.5241,1.2056,10.8911,0.93466,0,0
infantry,47,n,1.1,,drill rank_depth rating side,1,50,38.5780,1.2066,10.9541,0.93426,0,0
infantry,48,n,1.1,rank_depth,rating side training,1,51,38.5790,1.4346,10.9744,0.93360,0,0
infantry,49,n,1.1,drill rank_depth training,rating side,1,54,38.5812,1.5092,10.8944,0.93232,0,0
infantry,50,n,1.1,rank_depth,rating side,1,47,38.5967,1.4744,10.9528,0.93231,0,0
infantry,51,n,1.1,rank_depth training,rating side,1,51,38.6138,1.4276,10.9482,0.93279,0,0
infantry,52,n,1.1,rank_depth,drill rating side training,1,54,38.6898,1.4100,10.9875,0.93369,0,0
infantry,53,n,1.1,rank_depth training,drill rating side,1,54,38.7270,1.3800,10.9414,0.93346,0,0
infantry,54,n,1.1,rank_depth,drill rating side,1,50,38.8017,1.3912,11.0027,0.93295,0,0
infantry,55,n,1.1,drill side,rating training,0,52,39.1015,1.7580,11.0575,0.93342,0,0
infantry,56,n,1.1,drill side,rating,0,48,39.1057,1.6810,11.0396,0.93154,0,0
infantry,57,n,1.1,drill side,rank_depth rating,0,49,39.1095,1.6820,11.0471,0.93090,0,0
infantry,58,n,1.1,side training,drill rating,0,52,39.1173,1.5979,11.0694,0.93405,0,0
infantry,59,n,1.1,drill side,rank_depth rating training,0,53,39.1229,1.7683,11.0660,0.93287,0,0
infantry,60,n,1.1,side,drill rating training,0,52,39.1243,1.6535,11.1055,0.93458,0,0
infantry,61,n,1.1,side training,drill rank_depth rating,0,53,39.1346,1.6024,11.0749,0.93373,0,0
infantry,62,n,1.1,drill side training,rating,0,52,39.1381,1.6939,11.0467,0.93219,0,0
infantry,63,n,1.1,side,rating training,0,49,39.1408,1.6521,11.1253,0.93396,0,0
infantry,64,n,1.1,side,drill rank_depth rating training,0,53,39.1436,1.6583,11.1143,0.93414,0,0
infantry,65,n,1.1,drill rank_depth side,rating,0,49,39.1523,1.7398,11.0525,0.93023,0,0
infantry,66,n,1.1,drill side training,rank_depth rating,0,53,39.1571,1.7034,11.0527,0.93173,0,0
infantry,67,n,1.1,side,rank_depth rating training,0,50,39.1595,1.6596,11.1324,0.93358,0,0
infantry,68,n,1.1,drill rank_depth side,rating training,0,53,39.1736,1.8260,11.0780,0.93207,0,0
infantry,69,n,1.1,rank_depth side training,drill rating,0,53,39.1736,1.6580,11.0864,0.93306,0,0
infantry,70,n,1.1,side,drill rating,0,48,39.1775,1.5265,11.1000,0.93366,0,0
infantry,71,n,1.1,side training,rating,0,49,39.1776,1.6519,11.1002,0.93273,0,0
infantry,72,n,1.1,side,rating,0,45,39.1793,1.6124,11.1112,0.93240,0,0
infantry,73,n,1.1,side,rank_depth rating,0,46,39.1817,1.6120,11.1183,0.93193,0,0
infantry,74,n,1.1,side,drill rank_depth rating,0,49,39.1892,1.5264,11.1102,0.93315,0,0
infantry,75,n,1.1,drill rank_depth side training,rating,0,53,39.1935,1.7625,11.0594,0.93101,0,0
infantry,76,n,1.1,side training,rank_depth rating,0,50,39.1948,1.6605,11.1047,0.93246,0,0
infantry,77,n,1.1,rank_depth side,drill rating training,0,53,39.2078,1.7149,11.1392,0.93324,0,0
infantry,78,n,1.1,drill side,rating,1,49,39.2105,1.6220,11.0550,0.93141,0,0
infantry,79,n,1.1,drill side,rating training,1,53,39.2110,1.7232,11.0685,0.93326,0,0
infantry,80,n,1.1,rank_depth side,rating training,0,50,39.2234,1.7213,11.1581,0.93269,0,0
infantry,81,n,1.1,rank_depth side training,rating,0,50,39.2295,1.7175,11.1151,0.93171,0,0
infantry,82,n,1.1,rank_depth side,rating,0,46,39.2383,1.6790,11.1346,0.93115,0,0
infantry,83,n,1.1,rank_depth side,drill rating,0,49,39.2583,1.5853,11.1332,0.93242,0,0
infantry,84,n,1.1,side,drill rating training,1,53,39.2588,1.5970,11.1156,0.93451,0,0
infantry,85,n,1.1,side,rating training,1,50,39.2646,1.5991,11.1379,0.93378,0,0
infantry,86,n,1.1,drill side training,rating,1,53,39.2834,1.6377,11.0676,0.93202,0,0
infantry,87,n,1.1,side,rating,1,46,39.2849,1.5528,11.1233,0.93226,0,0
infantry,88,n,1.1,side training,drill rating,1,53,39.3099,1.5275,11.0879,0.93402,0,0
infantry,89,n,1.1,side,drill rating,1,49,39.3178,1.4440,11.1148,0.93361,0,0
infantry,90,n,1.1,drill side,rank_depth rating training,1,54,39.3328,1.7080,11.1149,0.93090,0,0
infantry,91,n,1.1,side training,rating,1,50,39.3357,1.5962,11.1194,0.93255,0,0
infantry,92,n,1.1,drill side,rank_depth rating,1,50,39.3426,1.5934,11.1078,0.92901,0,0
infantry,93,n,1.1,side,rank_depth rating training,1,51,39.3964,1.5498,11.1860,0.93154,0,0
infantry,94,n,1.1,drill side training,rank_depth rating,1,54,39.3993,1.6126,11.1117,0.92957,0,0
infantry,95,n,1.1,side,rank_depth rating,1,47,39.4132,1.4940,11.1748,0.93008,0,0
infantry,96,n,1.1,side,drill rank_depth rating training,1,54,39.4370,1.4967,11.1732,0.93191,0,0
infantry,97,n,1.1,side training,rank_depth rating,1,51,39.4475,1.5551,11.1597,0.93024,0,0
infantry,98,n,1.1,side training,drill rank_depth rating,1,54,39.4882,1.4478,11.1399,0.93119,0,0
infantry,99,n,1.1,side,drill rank_depth rating,1,50,39.5239,1.3674,11.1810,0.93098,0,0
infantry,100,n,1.1,drill rank_depth side,rating,1,50,39.5239,1.7586,11.1461,0.92751,0,0
infantry,101,n,1.1,drill rank_depth side,rating training,1,54,39.5604,1.8753,11.1706,0.92908,0,0
infantry,102,n,1.1,drill rank_depth side training,rating,1,54,39.6058,1.7885,11.1653,0.92796,0,0
infantry,103,n,1.1,rank_depth side,rating,1,47,39.6135,1.7097,11.2169,0.92829,0,0
infantry,104,n,1.1,rank_depth side,rating training,1,51,39.6344,1.8009,11.2417,0.92946,0,0
infantry,105,n,1.1,rank_depth side training,rating,1,51,39.6575,1.7537,11.2203,0.92851,0,0
infantry,106,n,1.1,rank_depth side,drill rating training,1,54,39.6873,1.7628,11.2301,0.92986,0,0
infantry,107,n,1.1,rank_depth side training,drill rating,1,54,39.7594,1.6508,11.2274,0.92956,0,0
infantry,108,n,1.1,rank_depth side,drill rating,1,50,39.7820,1.5912,11.2402,0.92924,0,0
infantry,109,n,1.1,training,drill rating,0,51,43.2986,2.0988,12.1566,0.92627,0,0
infantry,110,n,1.1,training,drill rank_depth rating,0,52,43.3246,2.0599,12.1897,0.92436,0,0
infantry,111,n,1.1,drill,rank_depth rating,0,48,43.3646,1.9608,12.1700,0.92192,0,0
infantry,112,n,1.1,drill,rating,0,47,43.3661,1.9758,12.1323,0.92455,0,0
infantry,113,n,1.1,,drill rating,0,47,43.3676,1.8894,12.2024,0.92616,0,0
infantry,114,n,1.1,,drill rank_depth rating,0,48,43.3700,1.8986,12.2449,0.92390,0,0
infantry,115,n,1.1,training,drill rating,1,52,43.3864,2.0762,12.1603,0.92615,0,0
infantry,116,n,1.1,drill,rating,1,48,43.3985,1.9281,12.1376,0.92444,0,0
infantry,117,n,1.1,drill training,rating,0,51,43.4058,2.1325,12.1602,0.92491,0,0
infantry,118,n,1.1,drill training,rank_depth rating,0,52,43.4207,2.0914,12.1929,0.92274,0,0
infantry,119,n,1.1,,drill rating,1,48,43.4360,1.8379,12.2099,0.92604,0,0
infantry,120,n,1.1,rank_depth training,drill rating,0,52,43.4630,2.1399,12.2286,0.92391,0,0
infantry,121,n,1.1,drill training,rating,1,52,43.4688,2.1018,12.1703,0.92476,0,0
infantry,122,n,1.1,training,rating,0,48,43.4886,2.1986,12.2281,0.92498,0,0
infantry,123,n,1.1,,rank_depth rating,0,45,43.4923,1.9916,12.2756,0.92260,0,0
infantry,124,n,1.1,,rating,0,44,43.5029,2.0284,12.2386,0.92493,0,0
infantry,125,n,1.1,training,rank_depth rating,0,49,43.5144,2.1362,12.2645,0.92306,0,0
infantry,126,n,1.1,,drill rating training,0,51,43.5197,2.1388,12.2948,0.92643,0,0
infantry,127,n,1.1,,rating,1,45,43.5221,1.9919,12.2407,0.92486,0,0
infantry,128,n,1.1,drill rank_depth,rating,0,48,43.5406,2.0332,12.2171,0.92153,0,0
infantry,129,n,1.1,,drill rank_depth rating training,0,52,43.5420,2.1062,12.3330,0.92438,0,0
infantry,130,n,1.1,training,rating,1,49,43.5436,2.1823,12.2326,0.92484,0,0
infantry,131,n,1.1,drill,rating training,0,51,43.5466,2.1857,12.2370,0.92545,0,0
infantry,132,n,1.1,drill rank_depth training,rating,0,52,43.5499,2.1744,12.2207,0.92244,0,0
infantry,133,n,1.1,rank_depth,drill rating,0,48,43.5551,1.9811,12.2895,0.92318,0,0
infantry,134,n,1.1,drill,rank_depth rating training,0,52,43.5606,2.1441,12.2721,0.92314,0,0
infantry,135,n,1.1,,drill rating training,1,52,43.5817,2.0939,12.3017,0.92630,0,0
infantry,136,n,1.1,drill,rating training,1,52,43.5847,2.1434,12.2432,0.92533,0,0
infantry,137,n,1.1,rank_depth training,rating,0,49,43.6369,2.2213,12.2929,0.92265,0,0
infantry,138,n,1.1,rank_depth,rating,0,45,43.6721,2.0831,12.3191,0.92196,0,0
infantry,139,n,1.1,drill,rank_depth rating,1,49,43.6732,1.8847,12.2766,0.91875,0,0
infantry,140,n,1.1,,rating training,0,48,43.6797,2.1758,12.3457,0.92566,0,0
infantry,141,n,1.1,rank_depth,drill rating training,0,52,43.6958,2.1996,12.3672,0.92371,0,0
infantry,142,n,1.1,training,drill rank_depth rating,1,53,43.6979,1.9522,12.2774,0.92088,0,0
infantry,143,n,1.1,drill rank_depth,rating training,0,52,43.7047,2.2197,12.3033,0.92279,0,0
infantry,144,n,1.1,,rank_depth rating training,0,49,43.7067,2.1216,12.3852,0.92364,0,0
infantry,145,n,1.1,,rating training,1,49,43.7091,2.1491,12.3489,0.92556,0,0
infantry,146,n,1.1,drill training,rank_depth rating,1,53,43.7323,2.0036,12.2969,0.91942,0,0
infantry,147,n,1.1,,drill rank_depth rating,1,49,43.7751,1.7533,12.3640,0.92077,0,0
infantry,148,n,1.1,,rank_depth rating,1,46,43.7776,1.8948,12.3675,0.91970,0,0
infantry,149,n,1.1,training,rank_depth rating,1,50,43.8049,2.0454,12.3484,0.91987,0,0
infantry,150,n,1.1,rank_depth,rating training,0,49,43.8504,2.2075,12.4146,0.92307,0,0
infantry,151,n,1.1,drill,rank_depth rating training,1,53,43.8649,2.0492,12.3747,0.92010,0,0
infantry,152,n,1.1,,drill rank_depth rating training,1,53,43.9350,1.9181,12.4522,0.92122,0,0
infantry,153,n,1.1,,rank_depth rating training,1,50,44.0032,2.0109,12.4803,0.92079,0,0
infantry,154,n,1.1,drill rank_depth,rating,1,49,44.0470,2.0770,12.3746,0.91768,0,0
infantry,155,n,1.1,drill rank_depth training,rating,1,53,44.0732,2.2009,12.3815,0.91848,0,0
infantry,156,n,1.1,rank_depth training,rating,1,50,44.1487,2.2730,12.4359,0.91869,0,0
infantry,157,n,1.1,rank_depth,rating,1,46,44.1531,2.1457,12.4548,0.91814,0,0
infantry,158,n,1.1,rank_depth training,drill rating,1,53,44.1549,2.1519,12.4289,0.91935,0,0
infantry,159,n,1.1,drill rank_depth,rating training,1,53,44.1894,2.2451,12.4458,0.91912,0,0
infantry,160,n,1.1,rank_depth,drill rating,1,49,44.2151,2.0483,12.4659,0.91879,0,0
infantry,161,n,1.1,rank_depth,drill rating training,1,53,44.2921,2.2349,12.5166,0.91942,0,0
infantry,162,n,1.1,rank_depth,rating training,1,50,44.3167,2.2540,12.5322,0.91934,0,0
infantry,163,n,1.1,drill rating,rank_depth side training,0,53,45.3689,1.6815,14.0301,0.91365,0,0
infantry,164,n,1.1,drill rating,side training,0,52,45.3740,1.7655,14.0630,0.91056,0,0
infantry,165,n,1.1,drill rating,rank_depth side training,1,54,45.3916,1.6056,14.0419,0.91385,0,0
infantry,166,n,1.1,rating,drill rank_depth side training,0,53,45.4267,1.7218,14.1355,0.91624,0,0
infantry,167,n,1.1,rating,drill side training,0,52,45.4403,1.7815,14.1722,0.91367,0,0
infantry,168,n,1.1,drill rating,rank_depth side,0,49,45.4627,1.6341,14.0576,0.91270,0,0
infantry,169,n,1.1,drill rating,rank_depth side,1,50,45.4703,1.5550,14.0652,0.91306,0,0
infantry,170,n,1.1,drill rank_depth rating,side training,0,53,45.4711,1.8642,14.0901,0.90828,0,0
infantry,171,n,1.1,drill rating,side,0,48,45.4779,1.7291,14.0935,0.90965,0,0
infantry,172,n,1.1,rank_depth rating,drill side training,0,53,45.5246,1.8480,14.1969,0.91188,0,0
infantry,173,n,1.1,rating training,drill rank_depth side,0,53,45.5495,1.6796,14.1436,0.91592,0,0
infantry,174,n,1.1,drill rank_depth rating,side,0,49,45.5517,1.8158,14.1119,0.90742,0,0
infantry,175,n,1.1,rating,rank_depth side training,0,50,45.5578,1.7331,14.2099,0.91437,0,0
infantry,176,n,1.1,drill rating training,rank_depth side,0,53,45.5596,1.6236,14.0692,0.91292,0,0
infantry,177,n,1.1,drill rating training,side,0,52,45.5703,1.7233,14.1051,0.90944,0,0
infantry,178,n,1.1,rating,drill rank_depth side,0,49,45.5737,1.6900,14.1920,0.91598,0,0
infantry,179,n,1.1,rating,rank_depth side training,1,51,45.5745,1.6583,14.2181,0.91456,0,0
infantry,180,n,1.1,rating,side training,0,49,45.5758,1.8041,14.2499,0.91131,0,0
infantry,181,n,1.1,rating training,drill side,0,52,45.5811,1.7352,14.1854,0.91294,0,0
infantry,182,n,1.1,rating,drill rank_depth side training,1,54,45.5854,1.6942,14.1868,0.91543,0,0
infantry,183,n,1.1,drill rating training,rank_depth side,1,54,45.5861,1.5448,14.0832,0.91319,0,0
infantry,184,n,1.1,drill rating,side training,1,53,45.5932,1.7107,14.1238,0.91039,0,0
infantry,185,n,1.1,rating,drill side,0,48,45.6140,1.7379,14.2333,0.91356,0,0
infantry,186,n,1.1,drill rank_depth rating training,side,0,53,45.6337,1.7934,14.1199,0.90758,0,0
infantry,187,n,1.1,rank_depth rating training,drill side,0,53,45.6424,1.7811,14.2034,0.91170,0,0
infantry,188,n,1.1,rank_depth rating,side training,0,50,45.6587,1.8780,14.2753,0.90932,0,0
infantry,189,n,1.1,drill rating,side,1,49,45.6718,1.6538,14.1480,0.90951,0,0
infantry,190,n,1.1,rating side,drill rank_depth training,0,53,45.6743,1.7069,14.2142,0.91397,0,0
infantry,191,n,1.1,rating side,drill training,0,52,45.6752,1.7213,14.2537,0.91148,0,0
infantry,192,n,1.1,rating,rank_depth side,1,47,45.6789,1.6127,14.2559,0.91411,0,0
infantry,193,n,1.1,rating,drill side training,1,53,45.6875,1.7609,14.2275,0.91380,0,0
infantry,194,n,1.1,rating,rank_depth side,0,46,45.6895,1.6928,14.2553,0.91368,0,0
infantry,195,n,1.1,rank_depth rating,drill side,0,49,45.7055,1.7967,14.2605,0.91181,0,0
infantry,196,n,1.1,rating,side,0,45,45.7142,1.7587,14.2964,0.91076,0,0
infantry,197,n,1.1,rating,drill rank_depth side,1,50,45.7254,1.6474,14.2429,0.91530,0,0
infantry,198,n,1.1,drill rating side,training,0,52,45.7262,1.7665,14.1760,0.90774,0,0
infantry,199,n,1.1,drill rating side,rank_depth training,0,53,45.7284,1.7154,14.1349,0.91084,0,0
infantry,200,n,1.1,rating training,rank_depth side,0,50,45.7321,1.6585,14.2368,0.91347,0,0
infantry,201,n,1.1,drill rating side,rank_depth,0,49,45.7380,1.6847,14.1397,0.91019,0,0
infantry,202,n,1.1,rating training,drill rank_depth side,1,54,45.7530,1.6481,14.2075,0.91493,0,0
infantry,203,n,1.1,rating training,side,0,49,45.7540,1.7324,14.2800,0.90994,0,0
infantry,204,n,1.1,rating training,rank_depth side,1,51,45.7561,1.5851,14.2493,0.91370,0,0
infantry,205,n,1.1,rank_depth rating side,drill training,0,53,45.7595,1.7987,14.2821,0.90963,0,0
infantry,206,n,1.1,drill rating side,,0,48,45.7660,1.7381,14.1854,0.90709,0,0
infantry,207,n,1.1,rating side,drill rank_depth,0,49,45.7691,1.6148,14.2507,0.91381,0,0
infantry,208,n,1.1,rank_depth rating,side,0,46,45.7960,1.8249,14.3221,0.90879,0,0
infantry,209,n,1.1,rating,side training,1,50,45.7974,1.7663,14.3077,0.91110,0,0
infantry,210,n,1.1,rank_depth rating training,side,0,50,45.8076,1.7897,14.2936,0.90846,0,0
infantry,211,n,1.1,drill rating training,side,1,53,45.8133,1.6374,14.1734,0.90925,0,0
infantry,212,n,1.1,rating side training,drill rank_depth,0,53,45.8176,1.6798,14.2394,0.91364,0,0
infantry,213,n,1.1,rating side,drill,0,48,45.8219,1.6406,14.2988,0.91142,0,0
infantry,214,n,1.1,rating,drill side,1,49,45.8352,1.7082,14.2856,0.91366,0,0
infantry,215,n,1.1,drill rank_depth rating side,training,0,53,45.8366,1.8969,14.2146,0.90542,0,0
infantry,216,n,1.1,rating side training,drill,0,52,45.8462,1.6600,14.2834,0.91086,0,0
infantry,217,n,1.1,drill rating side,rank_depth training,1,54,45.8630,1.6622,14.1784,0.90991,0,0
infantry,218,n,1.1,drill rating side,rank_depth,1,50,45.8649,1.6211,14.1825,0.90948,0,0
infantry,219,n,1.1,drill rating side training,,0,52,45.8682,1.7301,14.1916,0.90693,0,0
infantry,220,n,1.1,drill rating side training,rank_depth,0,53,45.8716,1.6817,14.1533,0.91026,0,0
infantry,221,n,1.1,drill rank_depth rating side,,0,49,45.8734,1.8555,14.2206,0.90487,0,0
infantry,222,n,1.1,rating training,drill side,1,53,45.8780,1.7108,14.2541,0.91311,0,0
infantry,223,n,1.1,rating,side,1,46,45.9043,1.7108,14.3486,0.91057,0,0
infantry,224,n,1.1,rank_depth rating side,drill,0,49,45.9233,1.7172,14.3324,0.90965,0,0
infantry,225,n,1.1,rank_depth rating side training,drill,0,53,45.9233,1.7223,14.3104,0.90942,0,0
infantry,226,n,1.1,rating side,training,0,49,45.9296,1.7348,14.3713,0.90837,0,0
infantry,227,n,1.1,rating side,rank_depth training,0,50,45.9395,1.7066,14.3298,0.91152,0,0
infantry,228,n,1.1,rating side,drill training,1,53,45.9498,1.7174,14.2926,0.91167,0,0
infantry,229,n,1.1,drill rating side,training,1,53,45.9574,1.7053,14.2172,0.90751,0,0
infantry,230,n,1.1,drill rank_depth rating side training,,0,53,45.9625,1.8369,14.2198,0.90489,0,0
infantry,231,n,1.1,rating side,drill rank_depth training,1,54,45.9656,1.7003,14.2967,0.91199,0,0
infantry,232,n,1.1,drill rating side,,1,49,45.9800,1.6666,14.2268,0.90689,0,0
infantry,233,n,1.1,rating side,rank_depth,0,46,45.9844,1.6680,14.3514,0.91115,0,0
infantry,234,n,1.1,rating training,side,1,50,46.0084,1.6743,14.3493,0.90971,0,0
infantry,235,n,1.1,drill rating side training,rank_depth,1,54,46.0101,1.6205,14.1986,0.90943,0,0
infantry,236,n,1.1,rank_depth rating side,training,0,50,46.0139,1.8290,14.4006,0.90634,0,0
infantry,237,n,1.1,rating side,,0,45,46.0143,1.7010,14.3984,0.90811,0,0
infantry,238,n,1.1,rating side,drill rank_depth,1,50,46.0539,1.6076,14.3328,0.91215,0,0
infantry,239,n,1.1,rating side,drill,1,49,46.0557,1.6250,14.3327,0.91155,0,0
infantry,240,n,1.1,rating side,rank_depth training,1,51,46.0725,1.6551,14.3748,0.91071,0,0
infantry,241,n,1.1,rating side training,rank_depth,0,50,46.0887,1.6691,14.3546,0.91078,0,0
infantry,242,n,1.1,rating side training,,0,49,46.0887,1.6808,14.4001,0.90731,0,0
infantry,243,n,1.1,rating side,rank_depth,1,47,46.1037,1.6085,14.3937,0.91061,0,0
infantry,244,n,1.1,rank_depth rating side,,0,46,46.1039,1.7858,14.4294,0.90616,0,0
infantry,245,n,1.1,drill rating side training,,1,53,46.1207,1.6619,14.2424,0.90667,0,0
infantry,246,n,1.1,rating side training,drill rank_depth,1,54,46.1398,1.6627,14.3222,0.91161,0,0
infantry,247,n,1.1,rating side training,drill,1,53,46.1410,1.6798,14.3243,0.91105,0,0
infantry,248,n,1.1,rank_depth rating side training,,0,50,46.1574,1.7553,14.4225,0.90565,0,0
infantry,249,n,1.1,rating side,training,1,50,46.1900,1.6992,14.4242,0.90808,0,0
infantry,250,n,1.1,rating side training,rank_depth,1,51,46.2254,1.6155,14.4007,0.91002,0,0
infantry,251,n,1.1,rating side,,1,46,46.2452,1.6588,14.4485,0.90785,0,0
infantry,252,n,1.1,drill rank_depth rating,side,1,50,46.3376,1.9216,14.3378,0.90008,0,0
infantry,253,n,1.1,drill rank_depth rating,side training,1,54,46.3407,2.0344,14.3267,0.90032,0,0
infantry,254,n,1.1,rating side training,,1,50,46.3650,1.6480,14.4585,0.90701,0,0
infantry,255,n,1.1,drill rank_depth rating training,side,1,54,46.4548,1.8627,14.3524,0.90014,0,0
infantry,256,n,1.1,rank_depth rating,side training,1,51,46.5194,2.0016,14.5075,0.90149,0,0
infantry,257,n,1.1,rank_depth rating,side,1,47,46.5804,1.9074,14.5479,0.90172,0,0
infantry,258,n,1.1,rank_depth rating,drill side training,1,54,46.5944,2.0455,14.4455,0.90404,0,0
infantry,259,n,1.1,rank_depth rating training,side,1,51,46.6361,1.8555,14.5277,0.90120,0,0
infantry,260,n,1.1,drill rank_depth rating side,training,1,54,46.7387,2.1328,14.4318,0.89534,0,0
infantry,261,n,1.1,rank_depth rating training,drill side,1,54,46.7493,1.9239,14.4787,0.90436,0,0
infantry,262,n,1.1,drill rank_depth rating side,,1,50,46.7502,2.0018,14.4443,0.89562,0,0
infantry,263,n,1.1,rank_depth rating,drill side,1,50,46.7799,1.9152,14.5236,0.90464,0,0
infantry,264,n,1.1,drill rank_depth rating side training,,1,54,46.8715,1.9995,14.4535,0.89544,0,0
infantry,265,n,1.1,rank_depth rating side,drill training,1,54,46.8920,2.0689,14.4900,0.89978,0,0
infantry,266,n,1.1,rank_depth rating side,training,1,51,46.9141,2.0354,14.6171,0.89643,0,0
infantry,267,n,1.1,rank_depth rating side,,1,47,46.9710,1.9140,14.6506,0.89722,0,0
infantry,268,n,1.1,rank_depth rating side,drill,1,50,47.0645,1.8581,14.5614,0.90087,0,0
infantry,269,n,1.1,rank_depth rating side training,,1,51,47.0703,1.9232,14.6607,0.89641,0,0
infantry,270,n,1.1,rank_depth rating side training,drill,1,54,47.1068,1.9258,14.5587,0.90039,0,0
infantry,271,n,1.1,rating training,drill rank_depth,0,52,50.4074,2.0870,15.4097,0.90384,0,0
infantry,272,n,1.1,rating training,drill,0,51,50.4439,2.1031,15.4346,0.90282,0,0
infantry,273,n,1.1,drill rating,,0,47,50.5111,2.1437,15.3568,0.89969,0,0
infantry,274,n,1.1,drill rating,rank_depth,0,48,50.5162,2.1192,15.3483,0.90026,0,0
infantry,275,n,1.1,rating,drill rank_depth,0,48,50.5183,2.0023,15.4819,0.90387,0,0
infantry,276,n,1.1,rating,drill,0,47,50.5243,2.0105,15.4913,0.90343,0,0
infantry,277,n,1.1,drill rating training,rank_depth,0,52,50.5281,2.0905,15.3553,0.90053,0,0
infantry,278,n,1.1,rating,drill rank_depth training,0,52,50.5344,2.1143,15.4797,0.90358,0,0
infantry,279,n,1.1,drill rating training,,0,51,50.5389,2.1185,15.3760,0.89933,0,0
infantry,280,n,1.1,rating,drill training,0,51,50.5542,2.1216,15.4955,0.90294,0,0
infantry,281,n,1.1,rating training,drill,1,52,50.5853,2.0838,15.4566,0.90281,0,0
infantry,282,n,1.1,rank_depth rating training,drill,0,52,50.6147,2.1374,15.4898,0.89998,0,0
infantry,283,n,1.1,drill rating,,1,48,50.6370,2.1055,15.3887,0.89946,0,0
infantry,284,n,1.1,rating,drill,1,48,50.6555,2.0010,15.5180,0.90334,0,0
infantry,285,n,1.1,drill rating,rank_depth training,0,52,50.6673,2.1417,15.4157,0.90034,0,0
infantry,286,n,1.1,drill rank_depth rating training,,0,52,50.6730,2.1707,15.4137,0.89585,0,0
infantry,287,n,1.1,rating,drill training,1,52,50.6736,2.1394,15.5173,0.90291,0,0
infantry,288,n,1.1,drill rank_depth rating,,0,48,50.6751,2.2073,15.4081,0.89552,0,0
infantry,289,n,1.1,drill rating,training,0,51,50.6839,2.1550,15.4322,0.89951,0,0
infantry,290,n,1.1,drill rating training,,1,52,50.6944,2.0870,15.4134,0.89905,0,0
infantry,291,n,1.1,drill rating,rank_depth,1,49,50.7051,2.1036,15.4233,0.89863,0,0
infantry,292,n,1.1,drill rating training,rank_depth,1,53,50.7276,2.0647,15.4323,0.89884,0,0
infantry,293,n,1.1,rank_depth rating,drill,0,48,50.7327,2.0635,15.5509,0.89983,0,0
infantry,294,n,1.1,rank_depth rating,drill training,0,52,50.7427,2.1654,15.5498,0.89959,0,0
infantry,295,n,1.1,rating training,drill rank_depth,1,53,50.7547,2.0721,15.5226,0.90116,0,0
infantry,296,n,1.1,rating training,rank_depth,0,49,50.7626,2.2345,15.5648,0.90074,0,0
infantry,297,n,1.1,drill rating,training,1,52,50.7921,2.1572,15.4588,0.89928,0,0
infantry,298,n,1.1,rating,rank_depth,0,45,50.7995,2.2209,15.5880,0.90093,0,0
infantry,299,n,1.1,rating training,,0,48,50.8021,2.2515,15.5952,0.89925,0,0
infantry,300,n,1.1,rating,,0,44,50.8119,2.2333,15.6012,0.90015,0,0
infantry,301,n,1.1,drill rank_depth rating,training,0,52,50.8330,2.1975,15.4734,0.89568,0,0
infantry,302,n,1.1,drill rating,rank_depth training,1,53,50.8388,2.1392,15.4834,0.89875,0,0
infantry,303,n,1.1,rating,drill rank_depth training,1,53,50.8532,2.1274,15.5928,0.90103,0,0
infantry,304,n,1.1,rating,drill rank_depth,1,49,50.8569,2.0065,15.6005,0.90160,0,0
infantry,305,n,1.1,rating,rank_depth training,0,49,50.8935,2.2693,15.6241,0.90082,0,0
infantry,306,n,1.1,rating,,1,45,50.9164,2.2182,15.6300,0.89991,0,0
infantry,307,n,1.1,rating training,,1,49,50.9182,2.2508,15.6235,0.89897,0,0
infantry,308,n,1.1,rating,training,0,48,50.9197,2.2771,15.6446,0.89975,0,0
infantry,309,n,1.1,rating training,rank_depth,1,50,50.9247,2.2157,15.6288,0.89936,0,0
infantry,310,n,1.1,rank_depth rating training,,0,49,50.9560,2.2842,15.6396,0.89617,0,0
infantry,311,n,1.1,rating,rank_depth,1,46,50.9623,2.1898,15.6539,0.89977,0,0
infantry,312,n,1.1,rank_depth rating,,0,45,50.9894,2.2669,15.6553,0.89631,0,0
infantry,313,n,1.1,rating,training,1,49,51.0242,2.2864,15.6727,0.89951,0,0
infantry,314,n,1.1,rating,rank_depth training,1,50,51.0429,2.2483,15.6839,0.89968,0,0
infantry,315,n,1.1,rank_depth rating,training,0,49,51.0809,2.2995,15.6905,0.89624,0,0
infantry,316,n,1.1,drill rank_depth rating,,1,49,51.5795,2.3570,15.6649,0.88489,0,0
infantry,317,n,1.1,drill rank_depth rating training,,1,53,51.5820,2.3203,15.6652,0.88539,0,0
infantry,318,n,1.1,drill rank_depth rating,training,1,53,51.6981,2.3773,15.7018,0.88498,0,0
infantry,319,n,1.1,rank_depth rating training,,1,50,51.8311,2.4512,15.8908,0.88616,0,0
infantry,320,n,1.1,rank_depth rating training,drill,1,53,51.8358,2.2567,15.7695,0.88969,0,0
infantry,321,n,1.1,rank_depth rating,drill training,1,53,51.8662,2.3047,15.7825,0.88861,0,0
infantry,322,n,1.1,rank_depth rating,,1,46,51.8693,2.4306,15.9077,0.88624,0,0
infantry,323,n,1.1,rank_depth rating,training,1,50,51.9449,2.4778,15.9198,0.88605,0,0
infantry,324,n,1.1,rank_depth rating,drill,1,49,51.9622,2.1779,15.8310,0.88952,0,0
infantry,325,n,1.1,rank_depth training,drill side,0,46,68.6147,2.6112,17.7482,0.83575,0,0
infantry,326,n,1.1,training,drill rank_depth side,0,46,68.6169,2.5896,17.7608,0.83664,0,0
infantry,327,n,1.1,training,drill side,0,45,68.7101,2.5959,17.7870,0.83512,0,0
infantry,328,n,1.1,training,rank_depth side,0,43,68.7181,2.6359,17.8106,0.83460,0,0
infantry,329,n,1.1,rank_depth training,side,0,43,68.7346,2.6793,17.8077,0.83332,0,0
infantry,330,n,1.1,training,drill side,1,46,68.7602,2.5942,17.7839,0.83541,0,0
infantry,331,n,1.1,drill training,rank_depth side,0,46,68.7646,2.6515,17.8223,0.83405,0,0
infantry,332,n,1.1,drill rank_depth training,side,0,46,68.7875,2.6955,17.8234,0.83276,0,0
infantry,333,n,1.1,training,side,0,42,68.8101,2.6368,17.8409,0.83285,0,0
infantry,334,n,1.1,,drill rank_depth side training,0,46,68.8423,2.6714,17.9171,0.83651,0,0
infantry,335,n,1.1,drill training,side,0,45,68.8582,2.6587,17.8534,0.83229,0,0
infantry,336,n,1.1,,drill rank_depth side,0,42,68.8662,2.6899,17.8642,0.83605,0,0
infantry,337,n,1.1,rank_depth,drill side training,0,46,68.8710,2.6921,17.9268,0.83564,0,0
infantry,338,n,1.1,training,side,1,43,68.8734,2.6528,17.8443,0.83238,0,0
infantry,339,n,1.1,rank_depth,drill side,0,42,68.8927,2.7220,17.8681,0.83513,0,0
infantry,340,n,1.1,drill training,side,1,46,68.9226,2.6406,17.8600,0.83196,0,0
infantry,341,n,1.1,,rank_depth side training,0,43,68.9259,2.7134,17.9669,0.83479,0,0
infantry,342,n,1.1,,drill side training,0,45,68.9434,2.6776,17.9455,0.83514,0,0
infantry,343,n,1.1,,drill side,0,41,68.9450,2.7153,17.8858,0.83481,0,0
infantry,344,n,1.1,rank_depth,side training,0,43,68.9701,2.7482,17.9818,0.83355,0,0
infantry,345,n,1.1,drill,rank_depth side training,0,46,68.9741,2.7597,17.9795,0.83412,0,0
infantry,346,n,1.1,,rank_depth side,0,39,68.9754,2.7350,17.9013,0.83351,0,0
infantry,347,n,1.1,,drill side,1,42,68.9823,2.6859,17.8840,0.83507,0,0
infantry,348,n,1.1,,drill side training,1,46,68.9863,2.6853,17.9600,0.83542,0,0
infantry,349,n,1.1,rank_depth,side,0,39,69.0103,2.7840,17.9080,0.83223,0,0
infantry,350,n,1.1,drill rank_depth,side training,0,46,69.0221,2.7951,17.9977,0.83286,0,0
infantry,351,n,1.1,drill,rank_depth side,0,42,69.0231,2.7582,17.9244,0.83301,0,0
infantry,352,n,1.1,,side training,0,42,69.0273,2.7055,17.9974,0.83323,0,0
infantry,353,n,1.1,training,drill rank_depth side,1,47,69.0497,2.5454,17.8477,0.83076,0,0
infantry,354,n,1.1,,side,0,38,69.0554,2.7652,17.9252,0.83201,0,0
infantry,355,n,1.1,drill rank_depth,side,0,42,69.0598,2.8075,17.9341,0.83172,0,0
infantry,356,n,1.1,drill,side training,0,45,69.0720,2.7571,18.0096,0.83254,0,0
infantry,357,n,1.1,,side training,1,43,69.0907,2.7450,18.0239,0.83281,0,0
infantry,358,n,1.1,,side,1,39,69.0929,2.7303,17.9283,0.83161,0,0
infantry,359,n,1.1,drill,side,0,41,69.1050,2.7886,17.9504,0.83147,0,0
infantry,360,n,1.1,training,rank_depth side,1,44,69.1131,2.5889,17.9134,0.82791,0,0
infantry,361,n,1.1,drill,side training,1,46,69.1346,2.7532,18.0377,0.83224,0,0
infantry,362,n,1.1,drill,side,1,42,69.1462,2.7289,17.9581,0.83120,0,0
infantry,363,n,1.1,drill training,rank_depth side,1,47,69.1851,2.5706,17.9361,0.82726,0,0
infantry,364,n,1.1,,drill rank_depth side,1,43,69.2968,2.6840,17.9569,0.83057,0,0
infantry,365,n,1.1,,drill rank_depth side training,1,47,69.3217,2.6330,18.0482,0.83081,0,0
infantry,366,n,1.1,,rank_depth side,1,40,69.3493,2.6924,17.9994,0.82722,0,0
infantry,367,n,1.1,,rank_depth side training,1,44,69.3709,2.6691,18.1155,0.82856,0,0
infantry,368,n,1.1,drill,rank_depth side,1,43,69.4177,2.6838,18.0374,0.82649,0,0
infantry,369,n,1.1,drill,rank_depth side training,1,47,69.4209,2.6814,18.1305,0.82770,0,0
infantry,370,n,1.1,rank_depth training,side,1,44,69.5659,2.9083,18.0733,0.82262,0,0
infantry,371,n,1.1,drill rank_depth training,side,1,47,69.6512,2.9003,18.1039,0.82198,0,0
infantry,372,n,1.1,rank_depth training,drill side,1,47,69.6597,2.8478,18.0912,0.82616,0,0
infantry,373,n,1.1,side training,drill rank_depth,0,46,69.7611,2.5297,18.1286,0.83037,0,0
infantry,374,n,1.1,rank_depth side training,drill,0,46,69.7670,2.5710,18.1167,0.82944,0,0
infantry,375,n,1.1,rank_depth,side training,1,44,69.7729,2.9632,18.2415,0.82352,0,0
infantry,376,n,1.1,rank_depth,side,1,40,69.7901,3.0394,18.1546,0.82170,0,0
infantry,377,n,1.1,rank_depth,drill side training,1,47,69.7947,2.9494,18.1987,0.82623,0,0
infantry,378,n,1.1,side,drill rank_depth training,0,46,69.8347,2.6360,18.1775,0.83036,0,0
infantry,379,n,1.1,drill rank_depth,side training,1,47,69.8350,2.9840,18.2605,0.82270,0,0
infantry,380,n,1.1,rank_depth side,drill training,0,46,69.8593,2.6499,18.1827,0.82950,0,0
infantry,381,n,1.1,side training,drill,0,45,69.8609,2.5329,18.1441,0.82870,0,0
infantry,382,n,1.1,drill rank_depth,side,1,43,69.8771,3.0245,18.1978,0.82105,0,0
infantry,383,n,1.1,rank_depth,drill side,1,43,69.8781,3.0331,18.1637,0.82568,0,0
infantry,384,n,1.1,side,drill rank_depth,0,42,69.8789,2.6411,18.1399,0.83000,0,0
infantry,385,n,1.1,rank_depth side,drill,0,42,69.8966,2.6818,18.1338,0.82905,0,0
infantry,386,n,1.1,side training,drill,1,46,69.9411,2.5196,18.1522,0.82891,0,0
infantry,387,n,1.1,side training,rank_depth,0,43,69.9568,2.6139,18.1841,0.82759,0,0
infantry,388,n,1.1,side,drill training,0,45,69.9573,2.6334,18.2073,0.82884,0,0
infantry,389,n,1.1,side,drill,0,41,69.9671,2.6555,18.1594,0.82856,0,0
infantry,390,n,1.1,side,drill training,1,46,69.9731,2.6149,18.1902,0.82908,0,0
infantry,391,n,1.1,rank_depth side training,,0,43,69.9922,2.6848,18.1873,0.82607,0,0
infantry,392,n,1.1,drill side training,rank_depth,0,46,69.9964,2.6233,18.2052,0.82714,0,0
infantry,393,n,1.1,side,drill,1,42,70.0253,2.6471,18.1441,0.82875,0,0
infantry,394,n,1.1,drill rank_depth side training,,0,46,70.0346,2.6936,18.2097,0.82563,0,0
infantry,395,n,1.1,side,rank_depth,0,39,70.0502,2.7195,18.2019,0.82678,0,0
infantry,396,n,1.1,side,rank_depth training,0,43,70.0521,2.7282,18.2779,0.82792,0,0
infantry,397,n,1.1,side training,,0,42,70.0689,2.6190,18.2111,0.82551,0,0
infantry,398,n,1.1,drill side,rank_depth training,0,46,70.0700,2.7414,18.2812,0.82731,0,0
infantry,399,n,1.1,rank_depth side,,0,39,70.0873,2.7926,18.2054,0.82527,0,0
infantry,400,n,1.1,drill side,rank_depth,0,42,70.1017,2.7262,18.2346,0.82641,0,0
infantry,401,n,1.1,drill side training,,0,45,70.1091,2.6336,18.2305,0.82507,0,0
infantry,402,n,1.1,rank_depth side,training,0,43,70.1092,2.7707,18.2985,0.82649,0,0
infantry,403,n,1.1,drill rank_depth side,training,0,46,70.1258,2.7863,18.3015,0.82587,0,0
infantry,404,n,1.1,drill rank_depth side,,0,42,70.1426,2.7997,18.2389,0.82490,0,0
infantry,405,n,1.1,side,,0,38,70.1437,2.7294,18.2273,0.82489,0,0
infantry,406,n,1.1,side training,,1,43,70.1637,2.6604,18.2164,0.82492,0,0
infantry,407,n,1.1,side,training,0,42,70.1848,2.7260,18.3178,0.82604,0,0
infantry,408,n,1.1,drill side,,0,41,70.1984,2.7440,18.2589,0.82450,0,0
infantry,409,n,1.1,drill side,training,0,45,70.2043,2.7372,18.3212,0.82542,0,0
infantry,410,n,1.1,drill side training,,1,46,70.2112,2.6413,18.2469,0.82459,0,0
infantry,411,n,1.1,side,,1,39,70.2352,2.7753,18.2269,0.82438,0,0
infantry,412,n,1.1,side training,drill rank_depth,1,47,70.2601,2.4479,18.1975,0.82396,0,0
infantry,413,n,1.1,side,training,1,43,70.2608,2.7549,18.3232,0.82552,0,0
infantry,414,n,1.1,drill side,training,1,46,70.2778,2.7582,18.3284,0.82499,0,0
infantry,415,n,1.1,drill side,,1,42,70.3042,2.7672,18.2721,0.82410,0,0
infantry,416,n,1.1,side,drill rank_depth training,1,47,70.3765,2.5473,18.2782,0.82402,0,0
infantry,417,n,1.1,side,drill rank_depth,1,43,70.3867,2.6066,18.2145,0.82400,0,0
infantry,418,n,1.1,side training,rank_depth,1,44,70.4153,2.5888,18.2757,0.82056,0,0
infantry,419,n,1.1,drill side training,rank_depth,1,47,70.4767,2.5687,18.3099,0.81997,0,0
infantry,420,n,1.1,side,rank_depth,1,40,70.5033,2.7123,18.2967,0.82013,0,0
infantry,421,n,1.1,side,rank_depth training,1,44,70.5445,2.6734,18.4033,0.82127,0,0
infantry,422,n,1.1,drill side,rank_depth training,1,47,70.5785,2.6829,18.4161,0.82043,0,0
infantry,423,n,1.1,drill side,rank_depth,1,43,70.5972,2.7081,18.3494,0.81953,0,0
infantry,424,n,1.1,rank_depth side training,drill,1,47,70.8113,2.7618,18.3983,0.81931,0,0
infantry,425,n,1.1,rank_depth side,drill training,1,47,70.8201,2.9134,18.4005,0.81957,0,0
infantry,426,n,1.1,rank_depth training,drill,0,45,70.8642,2.4450,18.3893,0.82043,0,0
infantry,427,n,1.1,rank_depth side training,,1,44,70.8673,2.9105,18.4134,0.81516,0,0
infantry,428,n,1.1,training,drill rank_depth,0,45,70.8758,2.4252,18.4070,0.82112,0,0
infantry,429,n,1.1,,drill rank_depth,0,41,70.9140,2.5250,18.4162,0.82031,0,0
infantry,430,n,1.1,rank_depth side,,1,40,70.9182,3.0297,18.4172,0.81453,0,0
infantry,431,n,1.1,training,drill,0,44,70.9198,2.4409,18.4224,0.82021,0,0
infantry,432,n,1.1,drill rank_depth side training,,1,47,70.9222,2.9045,18.4429,0.81462,0,0
infantry,433,n,1.1,rank_depth side,drill,1,43,70.9309,2.9379,18.4007,0.81911,0,0
infantry,434,n,1.1,rank_depth,drill,0,41,70.9317,2.5591,18.4147,0.81948,0,0
infantry,435,n,1.1,,drill,0,40,70.9327,2.5395,18.4265,0.81984,0,0
infantry,436,n,1.1,rank_depth side,training,1,44,70.9396,3.0093,18.4973,0.81629,0,0
infantry,437,n,1.1,drill rank_depth side,training,1,47,70.9758,3.0221,18.5127,0.81549,0,0
infantry,438,n,1.1,,drill,1,41,71.0005,2.5312,18.4080,0.81974,0,0
infantry,439,n,1.1,training,drill,1,45,71.0081,2.4488,18.4148,0.82019,0,0
infantry,440,n,1.1,drill rank_depth side,,1,43,71.0219,3.0329,18.4742,0.81404,0,0
infantry,441,n,1.1,training,rank_depth,0,42,71.1212,2.6234,18.4804,0.81803,0,0
infantry,442,n,1.1,rank_depth,drill training,0,45,71.1272,2.5532,18.5508,0.82060,0,0
infantry,443,n,1.1,,drill rank_depth training,0,45,71.1308,2.5397,18.5571,0.82118,0,0
infantry,444,n,1.1,rank_depth training,,0,42,71.1315,2.6535,18.4731,0.81690,0,0
infantry,445,n,1.1,drill training,rank_depth,0,45,71.1318,2.5448,18.4964,0.81798,0,0
infantry,446,n,1.1,drill rank_depth training,,0,45,71.1371,2.5782,18.4881,0.81689,0,0
infantry,447,n,1.1,training,,0,41,71.1660,2.6286,18.4995,0.81680,0,0
infantry,448,n,1.1,,drill training,0,44,71.1677,2.5515,18.5732,0.82046,0,0
infantry,449,n,1.1,drill training,,0,44,71.1810,2.5551,18.5175,0.81679,0,0
infantry,450,n,1.1,,rank_depth,0,38,71.2167,2.6691,18.5131,0.81658,0,0
infantry,451,n,1.1,drill,rank_depth,0,41,71.2168,2.6372,18.5447,0.81672,0,0
infantry,452,n,1.1,,drill training,1,45,71.2286,2.5259,18.5627,0.82047,0,0
infantry,453,n,1.1,,,0,37,71.2308,2.6813,18.5229,0.81581,0,0
infantry,454,n,1.1,drill,,0,40,71.2397,2.6509,18.5555,0.81598,0,0
infantry,455,n,1.1,drill rank_depth,,0,41,71.2398,2.6829,18.5432,0.81556,0,0
infantry,456,n,1.1,rank_depth,,0,38,71.2414,2.7102,18.5154,0.81534,0,0
infantry,457,n,1.1,training,,1,42,71.2930,2.6921,18.4974,0.81614,0,0
infantry,458,n,1.1,drill training,,1,45,71.3110,2.5876,18.5197,0.81620,0,0
infantry,459,n,1.1,,,1,38,71.3484,2.7370,18.5223,0.81519,0,0
infantry,460,n,1.1,drill,,1,41,71.3536,2.6777,18.5647,0.81541,0,0
infantry,461,n,1.1,training,drill rank_depth,1,46,71.3860,2.3867,18.4785,0.81406,0,0
infantry,462,n,1.1,,drill rank_depth,1,42,71.4010,2.4757,18.4868,0.81361,0,0
infantry,463,n,1.1,drill,rank_depth training,0,45,71.4034,2.5857,18.6755,0.81805,0,0
infantry,464,n,1.1,,rank_depth training,0,42,71.4086,2.6363,18.6651,0.81839,0,0
infantry,465,n,1.1,drill rank_depth,training,0,45,71.4115,2.6127,18.6728,0.81709,0,0
infantry,466,n,1.1,rank_depth,training,0,42,71.4220,2.6584,18.6608,0.81738,0,0
infantry,467,n,1.1,drill,training,0,44,71.4419,2.5929,18.6933,0.81709,0,0
infantry,468,n,1.1,,training,0,41,71.4540,2.6449,18.6836,0.81742,0,0
infantry,469,n,1.1,,training,1,42,71.5530,2.6976,18.6869,0.81681,0,0
infantry,470,n,1.1,drill,training,1,45,71.5629,2.6243,18.7041,0.81654,0,0
infantry,471,n,1.1,training,rank_depth,1,43,71.5993,2.6236,18.5708,0.81045,0,0
infantry,472,n,1.1,drill training,rank_depth,1,46,71.6497,2.5118,18.6019,0.81010,0,0
infantry,473,n,1.1,,rank_depth,1,39,71.6561,2.6637,18.5916,0.80923,0,0
infantry,474,n,1.1,,drill rank_depth training,1,46,71.6728,2.4295,18.6710,0.81423,0,0
infantry,475,n,1.1,drill,rank_depth,1,42,71.6902,2.6252,18.6408,0.80898,0,0
infantry,476,n,1.1,,rank_depth training,1,43,71.8949,2.6232,18.7906,0.81132,0,0
infantry,477,n,1.1,drill,rank_depth training,1,46,71.9479,2.5490,18.8185,0.81050,0,0
infantry,478,n,1.1,rank_depth training,drill,1,46,72.0671,2.6500,18.7874,0.80907,0,0
infantry,479,n,1.1,rank_depth,drill,1,42,72.0978,2.7936,18.7695,0.80803,0,0
infantry,480,n,1.1,rank_depth training,,1,43,72.1147,2.8748,18.7818,0.80503,0,0
infantry,481,n,1.1,rank_depth,drill training,1,46,72.1573,2.7717,18.8510,0.80945,0,0
infantry,482,n,1.1,drill rank_depth training,,1,46,72.1691,2.7895,18.8175,0.80476,0,0
infantry,483,n,1.1,rank_depth,,1,39,72.2083,2.9638,18.8311,0.80330,0,0
infantry,484,n,1.1,drill rank_depth,,1,42,72.2746,2.9029,18.8886,0.80319,0,0
infantry,485,n,1.1,rank_depth,training,1,43,72.3074,2.9033,18.9437,0.80648,0,0
infantry,486,n,1.1,drill rank_depth,training,1,46,72.3542,2.8412,18.9704,0.80572,0,0
cavalry,1,n,0.75,,rank_depth rating side training,0,35,58.9941,2.3629,7.7061,0.95937,1,0
cavalry,2,n,0.75,side,rank_depth rating training,0,35,59.0197,2.3999,7.7162,0.95940,0,0
cavalry,3,n,0.75,,rank_depth rating training,0,34,59.0932,2.0135,7.7475,0.95856,0,0
cavalry,4,n,0.75,side,rank_depth rating,0,31,59.1285,2.3178,7.6837,0.95898,0,0
cavalry,5,n,0.75,,rank_depth rating side,0,31,59.1504,2.2917,7.6784,0.95893,0,0
cavalry,6,n,0.75,,rank_depth rating,0,30,59.2420,2.0021,7.7167,0.95817,0,1
cavalry,7,n,0.75,,rank_depth rating side training,1,36,59.2697,2.1164,7.7499,0.95911,0,0
cavalry,8,n,0.75,,rank_depth rating training,1,35,59.3692,1.8170,7.7886,0.95828,0,0
cavalry,9,n,0.75,side,rank_depth rating training,1,36,59.3742,2.0083,7.7748,0.95919,0,0
cavalry,10,n,0.75,training,rank_depth rating side,0,35,59.3795,2.1544,7.7154,0.95874,0,0
cavalry,11,n,0.75,side training,rank_depth rating,0,35,59.4113,2.1552,7.7321,0.95880,0,0
cavalry,12,n,0.75,training,rank_depth rating,0,34,59.4435,1.7717,7.7403,0.95806,0,0
cavalry,13,n,0.75,,rank_depth rating side,1,32,59.5025,2.1491,7.7353,0.95860,0,0
cavalry,14,n,0.75,side,rank_depth rating,1,32,59.5634,2.0370,7.7590,0.95870,0,0
cavalry,15,n,0.75,,rank_depth rating,1,31,59.5876,1.9017,7.7686,0.95784,0,0
cavalry,16,n,0.75,training,rank_depth rating side,1,36,59.7189,1.9577,7.7680,0.95840,0,0
cavalry,17,n,0.75,training,rank_depth rating,1,35,59.7705,1.6146,7.7881,0.95771,0,0
cavalry,18,n,0.75,side training,rank_depth rating,1,36,59.8071,1.8362,7.7975,0.95850,0,0
cavalry,19,n,0.75,rank_depth,rating side training,0,35,60.4878,1.5482,7.8976,0.95686,0,0
cavalry,20,n,0.75,rank_depth side,rating training,0,35,60.5646,1.6135,7.9170,0.95714,0,0
cavalry,21,n,0.75,rank_depth,rating side training,1,36,60.8224,1.2598,7.9725,0.95672,0,0
cavalry,22,n,0.75,rank_depth side,rating,0,31,60.8490,1.7293,7.9216,0.95682,0,0
cavalry,23,n,0.75,rank_depth,rating side,0,31,60.8500,1.7159,7.9113,0.95650,0,0
cavalry,24,n,0.75,rank_depth side,rating training,1,36,60.8792,1.1771,7.9888,0.95709,0,0
cavalry,25,n,0.75,rank_depth,rating training,0,34,60.9207,1.4000,7.9490,0.95583,0,0
cavalry,26,n,0.75,rank_depth training,rating side,0,35,60.9446,1.4837,7.9264,0.95649,0,0
cavalry,27,n,0.75,rank_depth side training,rating,0,35,61.0008,1.4890,7.9472,0.95680,0,0
cavalry,28,n,0.75,rank_depth,rating training,1,35,61.1550,1.2153,8.0151,0.95576,0,0
cavalry,29,n,0.75,rank_depth,rating,0,30,61.1671,1.6755,7.9517,0.95550,0,0
cavalry,30,n,0.75,rank_depth,rating side,1,32,61.1931,1.5501,7.9849,0.95631,0,0
cavalry,31,n,0.75,rank_depth side,rating,1,32,61.2395,1.4384,8.0038,0.95670,0,0
cavalry,32,n,0.75,rank_depth training,rating,0,34,61.2688,1.3553,7.9598,0.95558,0,0
cavalry,33,n,0.75,rank_depth training,rating side,1,36,61.2759,1.3373,7.9942,0.95627,0,0
cavalry,34,n,0.75,rank_depth side training,rating,1,36,61.3339,1.2093,8.0160,0.95665,0,0
cavalry,35,n,0.75,rank_depth,rating,1,31,61.4790,1.5515,8.0266,0.95537,0,0
cavalry,36,n,0.75,rank_depth training,rating,1,35,61.5717,1.2799,8.0294,0.95542,0,0
cavalry,37,n,0.75,side,rating training,1,35,62.4994,1.4507,8.2508,0.95452,0,0
cavalry,38,n,0.75,,rating side training,1,35,62.5030,1.5262,8.2647,0.95412,0,0
cavalry,39,n,0.75,,rating training,1,34,62.5674,1.6311,8.2709,0.95366,0,0
cavalry,40,n,0.75,side,rating,1,31,63.1645,1.8376,8.3172,0.95360,0,0
cavalry,41,n,0.75,,rating side,1,31,63.1790,1.8549,8.3336,0.95317,0,0
cavalry,42,n,0.75,training,rating side,1,35,63.2239,1.7704,8.3391,0.95310,0,0
cavalry,43,n,0.75,side training,rating,1,35,63.2255,1.7518,8.3319,0.95352,0,0
cavalry,44,n,0.75,,rating,1,30,63.2477,1.9293,8.3377,0.95280,0,0
cavalry,45,n,0.75,training,rating,1,34,63.3094,1.8511,8.3393,0.95278,0,0
cavalry,46,n,0.75,,rating training,0,33,69.4737,2.6152,8.7144,0.94033,0,0
cavalry,47,n,0.75,,rating side training,0,34,69.4787,2.5641,8.7096,0.94032,0,0
cavalry,48,n,0.75,side,rating training,0,34,69.5232,2.5694,8.7086,0.94030,0,0
cavalry,49,n,0.75,,rating,0,29,70.2534,2.7707,8.7491,0.93840,0,0
cavalry,50,n,0.75,,rating side,0,30,70.2554,2.7588,8.7468,0.93838,0,0
cavalry,51,n,0.75,training,rating,0,33,70.2562,2.5946,8.7745,0.93896,0,0
cavalry,52,n,0.75,training,rating side,0,34,70.2587,2.5802,8.7731,0.93895,0,0
cavalry,53,n,0.75,side,rating,0,30,70.2908,2.7707,8.7464,0.93836,0,0
cavalry,54,n,0.75,side training,rating,0,34,70.3030,2.5775,8.7737,0.93893,0,0
cavalry,55,n,0.75,rating,rank_depth side training,0,35,70.9398,4.7267,9.3067,0.94151,0,0
cavalry,56,n,0.75,rating,rank_depth side training,1,36,70.9598,4.6270,9.3128,0.94136,0,0
cavalry,57,n,0.75,rating side,rank_depth training,0,35,71.2200,4.4707,9.3533,0.94092,0,0
cavalry,58,n,0.75,rating side,rank_depth training,1,36,71.2718,4.3693,9.3564,0.94067,0,0
cavalry,59,n,0.75,rating,rank_depth training,0,34,71.8197,4.1832,9.4372,0.93984,0,0
cavalry,60,n,0.75,rating,rank_depth training,1,35,71.9649,4.1565,9.4538,0.93948,0,0
cavalry,61,n,0.75,rating training,rank_depth side,0,35,72.1432,4.3927,9.4274,0.93951,0,0
cavalry,62,n,0.75,rating training,rank_depth side,1,36,72.2268,4.3492,9.4391,0.93929,0,0
cavalry,63,n,0.75,rank_depth rating,side training,0,35,72.2483,3.8344,9.5493,0.93973,0,0
cavalry,64,n,0.75,rank_depth rating,side training,1,36,72.2619,3.7660,9.5479,0.93922,0,0
cavalry,65,n,0.75,rating,rank_depth side,0,31,72.3359,4.3970,9.4358,0.93910,0,0
cavalry,66,n,0.75,rank_depth rating side,training,0,35,72.3776,3.7675,9.5643,0.93939,0,0
cavalry,67,n,0.75,rating side training,rank_depth,0,35,72.3850,4.1721,9.4651,0.93902,0,0
cavalry,68,n,0.75,rating,rank_depth side,1,32,72.4107,4.3562,9.4473,0.93884,0,0
cavalry,69,n,0.75,rank_depth rating side,training,1,36,72.4214,3.7471,9.5661,0.93886,0,0
cavalry,70,n,0.75,rating side training,rank_depth,1,36,72.4910,4.1422,9.4763,0.93872,0,0
cavalry,71,n,0.75,rating,side training,1,35,72.6630,3.3369,9.5711,0.93794,0,0
cavalry,72,n,0.75,rating side,rank_depth,0,31,72.6799,4.1500,9.4927,0.93852,0,0
cavalry,73,n,0.75,rating side,rank_depth,1,32,72.7711,4.1196,9.5009,0.93818,0,0
cavalry,74,n,0.75,rating side,training,1,35,72.9209,3.2548,9.6039,0.93745,0,0
cavalry,75,n,0.75,rating training,rank_depth,0,34,72.9233,4.0171,9.5373,0.93801,0,0
cavalry,76,n,0.75,rating training,rank_depth,1,35,73.1092,4.0513,9.5570,0.93766,0,0
cavalry,77,n,0.75,rating,rank_depth,0,30,73.1326,4.0046,9.5526,0.93747,0,0
cavalry,78,n,0.75,rank_depth rating,training,0,34,73.1760,3.5697,9.6728,0.93792,0,0
cavalry,79,n,0.75,rank_depth rating,training,1,35,73.2122,3.6148,9.6756,0.93753,0,0
cavalry,80,n,0.75,rating,rank_depth,1,31,73.2795,4.0655,9.5681,0.93712,0,0
cavalry,81,n,0.75,rank_depth rating training,side,0,35,73.2827,3.9672,9.6641,0.93805,0,0
cavalry,82,n,0.75,rank_depth rating training,side,1,36,73.3164,4.0719,9.6689,0.93804,0,0
cavalry,83,n,0.75,rank_depth rating side training,,0,35,73.4630,3.8917,9.6996,0.93782,0,0
cavalry,84,n,0.75,rank_depth rating side training,,1,36,73.5146,4.0084,9.7067,0.93774,0,0
cavalry,85,n,0.75,rank_depth rating,side,0,31,73.5720,3.8109,9.6984,0.93746,0,0
cavalry,86,n,0.75,rank_depth rating,side,1,32,73.5863,3.9127,9.7015,0.93748,0,0
cavalry,87,n,0.75,rating,training,1,34,73.7185,3.1590,9.7081,0.93593,0,0
cavalry,88,n,0.75,rank_depth rating side,,0,31,73.8018,3.7195,9.7396,0.93711,0,0
cavalry,89,n,0.75,rank_depth rating side,,1,32,73.8200,3.8449,9.7429,0.93709,0,0
cavalry,90,n,0.75,rating training,side,1,35,74.0230,3.2214,9.7133,0.93550,0,0
cavalry,91,n,0.75,rank_depth rating training,,1,35,74.1566,3.9718,9.7839,0.93649,0,0
cavalry,92,n,0.75,rank_depth rating training,,0,34,74.1799,3.7942,9.7783,0.93635,0,0
cavalry,93,n,0.75,rating side training,,1,35,74.2572,3.1433,9.7563,0.93529,0,0
cavalry,94,n,0.75,rank_depth rating,,1,31,74.3745,3.8669,9.8157,0.93583,0,0
cavalry,95,n,0.75,rating,side,1,31,74.3954,3.1254,9.7546,0.93462,0,0
cavalry,96,n,0.75,rank_depth rating,,0,30,74.4557,3.6939,9.8173,0.93560,0,0
cavalry,97,n,0.75,rating side,,1,31,74.7358,3.0318,9.8102,0.93425,0,0
cavalry,98,n,0.75,rating training,,1,34,74.9134,3.1471,9.8219,0.93379,0,0
cavalry,99,n,0.75,rating,,1,30,75.3459,3.1362,9.8765,0.93275,0,0
cavalry,100,n,0.75,rating,side training,0,34,81.1162,2.3578,10.3010,0.92008,0,0
cavalry,101,n,0.75,rating side,training,0,34,81.1631,2.3750,10.3156,0.92001,0,0
cavalry,102,n,0.75,rating,training,0,33,81.2009,2.3294,10.3327,0.92003,0,0
cavalry,103,n,0.75,rating training,side,0,34,82.5737,2.6146,10.4403,0.91695,0,0
cavalry,104,n,0.75,rating side training,,0,34,82.6027,2.6124,10.4485,0.91692,0,0
cavalry,105,n,0.75,rating training,,0,33,82.6353,2.5943,10.4650,0.91695,0,0
cavalry,106,n,0.75,rating,side,0,30,83.0225,2.9003,10.4796,0.91544,0,0
cavalry,107,n,0.75,rating,,0,29,83.0740,2.9729,10.5023,0.91542,0,0
cavalry,108,n,0.75,rating side,,0,30,83.0858,2.9126,10.4956,0.91538,0,0
cavalry,109,n,0.75,,rank_depth side training,0,28,122.6483,4.3421,15.6569,0.83869,0,0
cavalry,110,n,0.75,,rank_depth side training,1,29,122.7229,4.4531,15.6629,0.83848,0,0
cavalry,111,n,0.75,training,rank_depth side,0,28,122.7698,4.4445,15.6545,0.83865,0,0
cavalry,112,n,0.75,,rank_depth side,0,24,122.8127,4.0184,15.6349,0.83772,0,0
cavalry,113,n,0.75,,rank_depth side,1,25,122.8138,4.1228,15.6392,0.83784,0,0
cavalry,114,n,0.75,training,rank_depth side,1,29,122.8160,4.5306,15.6616,0.83862,0,0
cavalry,115,n,0.75,side,rank_depth training,0,28,122.8353,4.3675,15.6630,0.83752,0,0
cavalry,116,n,0.75,side,rank_depth training,1,29,122.9679,4.5100,15.6790,0.83714,0,0
cavalry,117,n,0.75,side training,rank_depth,0,28,122.9842,4.5148,15.6681,0.83751,0,0
cavalry,118,n,0.75,side,rank_depth,0,24,123.0557,4.0511,15.6469,0.83655,0,0
cavalry,119,n,0.75,side training,rank_depth,1,29,123.0782,4.6406,15.6841,0.83729,0,0
cavalry,120,n,0.75,side,rank_depth,1,25,123.1215,4.2058,15.6652,0.83652,0,0
cavalry,121,n,0.75,training,rank_depth,1,28,123.5395,4.5041,15.7908,0.83520,0,0
cavalry,122,n,0.75,,rank_depth,1,24,123.6662,4.1200,15.8069,0.83446,0,0
cavalry,123,n,0.75,training,rank_depth,0,27,123.6743,4.1885,15.7825,0.83433,0,0
cavalry,124,n,0.75,,rank_depth training,1,28,123.6767,4.4101,15.8398,0.83489,0,0
cavalry,125,n,0.75,,rank_depth training,0,27,123.7772,4.0501,15.8281,0.83405,0,0
cavalry,126,n,0.75,,rank_depth,0,23,123.8658,3.7239,15.7989,0.83332,0,0
cavalry,127,n,0.75,,side training,1,28,125.5035,3.7561,15.9127,0.82733,0,0
cavalry,128,n,0.75,rank_depth training,side,0,28,125.5051,3.9820,15.9212,0.82952,0,0
cavalry,129,n,0.75,rank_depth,side training,0,28,125.5110,3.7273,15.9468,0.82931,0,0
cavalry,130,n,0.75,rank_depth side training,,0,28,125.5415,4.0778,15.9081,0.82905,0,0
cavalry,131,n,0.75,rank_depth side,training,0,28,125.5499,3.8219,15.9353,0.82882,0,0
cavalry,132,n,0.75,rank_depth,side,0,24,125.5885,3.7089,15.9058,0.82799,0,0
cavalry,133,n,0.75,rank_depth,side training,1,29,125.6699,3.9982,15.9482,0.82780,0,0
cavalry,134,n,0.75,rank_depth training,side,1,29,125.6967,4.1128,15.9442,0.82870,0,0
cavalry,135,n,0.75,rank_depth side,,0,24,125.7040,3.8215,15.8989,0.82746,0,0
cavalry,136,n,0.75,side,training,1,28,125.7983,3.8590,15.9162,0.82635,0,0
cavalry,137,n,0.75,rank_depth side training,,1,29,125.8200,4.2859,15.9410,0.82801,0,0
cavalry,138,n,0.75,rank_depth,side,1,25,125.8477,3.8151,15.9340,0.82711,0,0
cavalry,139,n,0.75,training,side,1,28,125.8619,3.7797,15.9597,0.82736,0,0
cavalry,140,n,0.75,rank_depth side,training,1,29,125.8678,4.1520,15.9589,0.82720,0,0
cavalry,141,n,0.75,rank_depth side,,1,25,125.9529,4.0403,15.9295,0.82642,0,0
cavalry,142,n,0.75,side training,,1,28,126.0848,3.9162,15.9513,0.82653,0,0
cavalry,143,n,0.75,,side,1,24,126.1170,3.5760,15.9547,0.82557,0,0
cavalry,144,n,0.75,side,,1,24,126.3790,3.7884,15.9473,0.82468,0,0
cavalry,145,n,0.75,rank_depth training,,0,27,126.4009,4.0500,16.0373,0.82508,0,0
cavalry,146,n,0.75,rank_depth,training,0,27,126.5225,3.8198,16.0876,0.82461,0,0
cavalry,147,n,0.75,rank_depth training,,1,28,126.6448,4.2148,16.0708,0.82451,0,0
cavalry,148,n,0.75,rank_depth,,0,23,126.7101,3.6258,16.0679,0.82347,0,0
cavalry,149,n,0.75,rank_depth,training,1,28,126.8492,4.1152,16.1247,0.82361,0,0
cavalry,150,n,0.75,rank_depth,,1,24,126.8942,3.8370,16.0989,0.82293,0,0
cavalry,151,n,0.75,,training,1,27,126.9076,3.9205,16.0865,0.82196,0,0
cavalry,152,n,0.75,training,,1,27,126.9603,4.0321,16.0765,0.82238,0,0
cavalry,153,n,0.75,,,1,23,127.3189,3.6713,16.1017,0.82062,0,0
cavalry,154,n,0.75,,side training,0,27,130.4526,3.9755,16.4024,0.81238,0,0
cavalry,155,n,0.75,side,training,0,27,130.5679,4.2237,16.4117,0.81177,0,0
cavalry,156,n,0.75,,training,0,26,130.7677,4.2735,16.4764,0.81035,0,0
cavalry,157,n,0.75,training,side,0,27,130.8647,3.9914,16.4295,0.81172,0,0
cavalry,158,n,0.75,side training,,0,27,130.9923,4.2233,16.4419,0.81113,0,0
cavalry,159,n,0.75,,side,0,23,131.0891,3.8514,16.4052,0.80962,0,0
cavalry,160,n,0.75,training,,0,26,131.1210,4.2683,16.4875,0.80992,0,0
cavalry,161,n,0.75,side,,0,23,131.2456,4.0502,16.4221,0.80903,0,0
cavalry,162,n,0.75,,,0,22,131.3828,4.1246,16.4785,0.80792,0,0
artillery,1,guns,1.2,rank_depth side,rating training,1,34,63.1675,3.4236,11.8521,0.93710,1,0
artillery,2,guns,1.2,rank_depth side,rating,1,31,63.2548,3.4660,11.9049,0.93746,0,0
artillery,3,guns,1.2,rank_depth,rating side,1,31,63.4247,3.4691,11.9380,0.93724,0,0
artillery,4,guns,1.2,rank_depth,rating,1,30,63.4253,3.3688,11.9981,0.93781,0,0
artillery,5,guns,1.2,rank_depth,rating training,1,33,63.5163,3.2115,12.0143,0.93753,0,0
artillery,6,guns,1.2,rank_depth,rating side training,1,34,63.5208,3.3998,11.8982,0.93672,0,0
artillery,7,guns,1.2,rank_depth side training,rating,1,34,63.5235,3.1849,11.9435,0.93707,0,0
artillery,8,guns,1.2,rank_depth training,rating,1,33,63.5442,3.0182,12.0334,0.93762,0,0
artillery,9,guns,1.2,rank_depth training,rating side,1,34,63.6955,3.1918,11.9732,0.93686,0,0
artillery,10,guns,1.2,side,rank_depth rating training,1,34,63.8091,2.5482,11.9334,0.93395,0,0
artillery,11,guns,1.2,side,rank_depth rating,1,31,64.0204,2.2066,12.0270,0.93438,0,0
artillery,12,guns,1.2,,rank_depth rating side training,1,34,64.0548,2.4338,11.9696,0.93362,0,0
artillery,13,guns,1.2,,rank_depth rating,1,30,64.0679,2.2224,12.0852,0.93473,0,0
artillery,14,guns,1.2,,rank_depth rating side,1,31,64.1191,2.1321,12.0490,0.93419,0,0
artillery,15,guns,1.2,,rank_depth rating training,1,33,64.1260,2.4628,12.0835,0.93444,0,0
artillery,16,guns,1.2,side,rating training,1,33,64.1528,2.3764,11.9028,0.93245,0,0
artillery,17,guns,1.2,side training,rank_depth rating,1,34,64.2485,2.1287,12.0603,0.93407,0,0
artillery,18,guns,1.2,training,rank_depth rating,1,33,64.2587,2.1032,12.1355,0.93458,0,0
artillery,19,guns,1.2,rank_depth rating side,,1,31,64.3139,2.1565,12.4128,0.93900,0,0
artillery,20,guns,1.2,,rating side training,1,33,64.3579,2.2251,11.9355,0.93218,0,0
artillery,21,guns,1.2,training,rank_depth rating side,1,34,64.3589,2.0410,12.0834,0.93390,0,0
artillery,22,guns,1.2,rank_depth rating side,training,1,34,64.3626,2.3353,12.3902,0.93869,0,0
artillery,23,guns,1.2,,rating training,1,32,64.3892,2.2506,12.0427,0.93297,0,0
artillery,24,guns,1.2,,rating,1,29,64.3971,1.9885,12.0500,0.93304,0,1
artillery,25,guns,1.2,side,rating,1,30,64.4189,1.9538,11.9926,0.93252,0,0
artillery,26,guns,1.2,rank_depth rating,,1,30,64.4381,2.0050,12.4848,0.93929,0,0
artillery,27,guns,1.2,rank_depth rating,side,1,31,64.4838,2.0705,12.4555,0.93892,0,0
artillery,28,guns,1.2,,rating side,1,30,64.5235,1.8557,12.0174,0.93238,0,0
artillery,29,guns,1.2,training,rating,1,32,64.6217,1.8424,12.0933,0.93258,0,0
artillery,30,guns,1.2,rank_depth rating,side training,1,34,64.7006,2.1336,12.4419,0.93832,0,0
artillery,31,guns,1.2,side training,rating,1,33,64.7008,1.8651,12.0225,0.93193,0,0
artillery,32,guns,1.2,rank_depth rating side training,,1,34,64.7154,2.2291,12.4800,0.93837,0,0
artillery,33,guns,1.2,rank_depth rating training,,1,33,64.7171,1.9363,12.5299,0.93879,0,0
artillery,34,guns,1.2,training,rating side,1,33,64.8041,1.7372,12.0461,0.93178,0,0
artillery,35,guns,1.2,rank_depth rating training,side,1,34,64.8437,2.1302,12.5125,0.93833,0,0
artillery,36,guns,1.2,rank_depth rating,training,1,33,64.8588,2.0047,12.5515,0.93893,0,0
artillery,37,guns,1.2,rating side,rank_depth,1,31,65.3103,1.6959,12.5970,0.93488,0,0
artillery,38,guns,1.2,rating side,rank_depth training,1,34,65.3457,1.6974,12.5351,0.93437,0,0
artillery,39,guns,1.2,rating,rank_depth,1,30,65.4195,1.5305,12.6539,0.93515,0,0
artillery,40,guns,1.2,rating,rank_depth side,1,31,65.4593,1.6172,12.6311,0.93480,0,0
artillery,41,guns,1.2,rating side,,1,30,65.5579,1.8262,12.5804,0.93352,0,0
artillery,42,guns,1.2,rating side,training,1,33,65.5585,1.7525,12.5201,0.93369,0,0
artillery,43,guns,1.2,rating,,1,29,65.6422,1.6648,12.6375,0.93394,0,0
artillery,44,guns,1.2,rating training,rank_depth,1,33,65.6766,1.6154,12.6946,0.93473,0,0
artillery,45,guns,1.2,rating side training,rank_depth,1,34,65.6816,1.8174,12.6574,0.93433,0,0
artillery,46,guns,1.2,rating,side,1,30,65.6940,1.7472,12.6149,0.93351,0,0
artillery,47,guns,1.2,rating,rank_depth side training,1,34,65.6965,1.4840,12.5833,0.93405,0,0
artillery,48,guns,1.2,rating training,rank_depth side,1,34,65.7968,1.7718,12.6838,0.93431,0,0
artillery,49,guns,1.2,rating,side training,1,33,65.8748,1.5783,12.5663,0.93338,0,0
artillery,50,guns,1.2,rating,rank_depth training,1,33,65.9018,1.2958,12.7076,0.93469,0,0
artillery,51,guns,1.2,rating training,,1,32,65.9640,1.7631,12.6767,0.93337,0,0
artillery,52,guns,1.2,rating side training,,1,33,65.9825,1.9981,12.6358,0.93286,0,0
artillery,53,guns,1.2,rating,training,1,32,66.0589,1.2966,12.6850,0.93402,0,0
artillery,54,guns,1.2,rating training,side,1,33,66.0870,1.9500,12.6638,0.93289,0,0
artillery,55,guns,1.2,,rank_depth rating training,0,32,73.7203,3.0284,14.4371,0.87150,0,0
artillery,56,guns,1.2,side,rank_depth rating training,0,33,74.0219,2.0108,14.4615,0.86993,0,0
artillery,57,guns,1.2,,rank_depth rating side training,0,33,74.1717,2.4650,14.4925,0.86928,0,0
artillery,58,guns,1.2,,rank_depth rating,0,29,74.7183,2.9968,14.5851,0.86957,0,0
artillery,59,guns,1.2,training,rank_depth rating,0,32,74.7674,2.9429,14.5953,0.86947,0,0
artillery,60,guns,1.2,side training,rank_depth rating,0,33,74.9324,2.5698,14.6180,0.86819,0,0
artillery,61,guns,1.2,side,rank_depth rating,0,30,74.9720,2.5163,14.6250,0.86849,0,0
artillery,62,guns,1.2,,rank_depth rating side,0,30,75.0735,2.6016,14.6395,0.86822,0,0
artillery,63,guns,1.2,training,rank_depth rating side,0,33,75.0970,2.7457,14.6464,0.86781,0,0
artillery,64,guns,1.2,rating side,rank_depth training,0,33,76.2874,4.3011,14.9487,0.86890,0,0
artillery,65,guns,1.2,rating,rank_depth training,0,32,76.5701,4.4109,14.9805,0.87049,0,0
artillery,66,guns,1.2,rating,rank_depth side training,0,33,76.8368,4.4197,15.0026,0.86822,0,0
artillery,67,guns,1.2,rating,rank_depth,0,29,76.9142,4.8184,15.0818,0.86819,0,0
artillery,68,guns,1.2,rating side,rank_depth,0,30,76.9727,4.6393,15.0839,0.86733,0,0
artillery,69,guns,1.2,rating,rank_depth side,0,30,77.0750,4.7302,15.0991,0.86747,0,0
artillery,70,guns,1.2,rating training,rank_depth,0,32,77.2136,4.7770,15.1051,0.86775,0,0
artillery,71,guns,1.2,rating side training,rank_depth,0,33,77.2959,4.6660,15.1168,0.86665,0,0
artillery,72,guns,1.2,rating training,rank_depth side,0,33,77.3558,4.7930,15.1238,0.86685,0,0
artillery,73,guns,1.2,rank_depth,rating,0,29,78.0680,3.0890,15.3422,0.87562,0,0
artillery,74,guns,1.2,rank_depth,rating training,0,32,78.2324,4.1323,15.2897,0.87550,0,0
artillery,75,guns,1.2,rank_depth side,rating training,0,33,78.3078,4.3079,15.3002,0.87528,0,0
artillery,76,guns,1.2,rank_depth training,rating,0,32,78.3458,3.0925,15.3886,0.87522,0,0
artillery,77,guns,1.2,rank_depth,rating side training,0,33,78.3952,3.6916,15.3205,0.87399,0,0
artillery,78,guns,1.2,rank_depth side,rating,0,30,78.4033,2.7564,15.3988,0.87494,0,0
artillery,79,guns,1.2,rank_depth,rating side,0,30,78.4864,2.7551,15.4109,0.87435,0,0
artillery,80,guns,1.2,rank_depth side training,rating,0,33,78.5492,2.5250,15.4254,0.87420,0,0
artillery,81,guns,1.2,rank_depth training,rating side,0,33,78.6889,2.6119,15.4479,0.87353,0,0
artillery,82,guns,1.2,rank_depth rating side,training,0,33,79.3963,4.9026,15.7226,0.87556,0,0
artillery,83,guns,1.2,rank_depth rating,training,0,32,79.4370,4.7293,15.7268,0.87570,0,0
artillery,84,guns,1.2,rank_depth rating,,0,29,79.5838,5.0750,15.7952,0.87550,0,0
artillery,85,guns,1.2,rank_depth rating,side training,0,33,79.7376,4.6743,15.7483,0.87391,0,0
artillery,86,guns,1.2,rank_depth rating side,,0,30,79.8283,5.2555,15.8244,0.87474,0,0
artillery,87,guns,1.2,rank_depth rating,side,0,30,79.9209,5.0842,15.8247,0.87421,0,0
artillery,88,guns,1.2,rank_depth rating training,,0,32,79.9809,5.2394,15.8333,0.87502,0,0
artillery,89,guns,1.2,rank_depth rating side training,,0,33,80.1950,5.4166,15.8659,0.87398,0,0
artillery,90,guns,1.2,rank_depth rating training,side,0,33,80.2676,5.3100,15.8614,0.87361,0,0
artillery,91,guns,1.2,rating,,0,28,87.9170,6.1723,19.2427,0.89870,0,0
artillery,92,guns,1.2,rating side,,0,29,88.1857,5.7434,19.2669,0.89774,0,0
artillery,93,guns,1.2,rating training,,0,31,88.2330,5.8330,19.2922,0.89827,0,0
artillery,94,guns,1.2,rating,side,0,29,88.3014,5.8264,19.2402,0.89700,0,0
artillery,95,guns,1.2,side,rating,0,29,88.5264,6.3841,19.3357,0.89619,0,0
artillery,96,guns,1.2,,rating side,0,29,88.6029,6.4414,19.3222,0.89548,0,0
artillery,97,guns,1.2,rating,training,0,31,88.6338,6.2613,19.3169,0.89716,0,0
artillery,98,guns,1.2,,rating,0,28,88.6907,7.0339,19.4238,0.89729,0,0
artillery,99,guns,1.2,training,rating,0,31,88.8216,6.2032,19.4709,0.89716,0,0
artillery,100,guns,1.2,rating side training,,0,32,88.8814,5.3807,19.3844,0.89679,0,0
artillery,101,guns,1.2,side training,rating,0,32,88.9508,5.6713,19.4025,0.89549,0,0
artillery,102,guns,1.2,rating training,side,0,32,88.9512,5.4144,19.3390,0.89617,0,0
artillery,103,guns,1.2,rating side,training,0,32,89.0065,5.5490,19.3592,0.89626,0,0
artillery,104,guns,1.2,training,rating side,0,32,89.0543,5.6693,19.3976,0.89480,0,0
artillery,105,guns,1.2,rating,side training,0,32,89.2698,5.5228,19.3096,0.89489,0,0
artillery,106,guns,1.2,side,rating training,0,32,89.3028,6.1418,19.4008,0.89432,0,0
artillery,107,guns,1.2,,rating training,0,31,89.4983,6.8931,19.5396,0.89572,0,0
artillery,108,guns,1.2,,rating side training,0,32,89.5296,5.9939,19.3959,0.89329,0,0
artillery,109,guns,1.2,rank_depth,side,1,24,108.1615,5.0616,18.5855,0.84176,0,0
artillery,110,guns,1.2,rank_depth,,1,23,108.1751,5.4946,18.6220,0.84163,0,0
artillery,111,guns,1.2,rank_depth side,,1,24,108.3110,5.1229,18.6223,0.84168,0,0
artillery,112,guns,1.2,rank_depth training,side,1,27,108.4393,4.8498,18.5752,0.84066,0,0
artillery,113,guns,1.2,rank_depth,side training,1,27,108.5134,4.4844,18.5671,0.84073,0,0
artillery,114,guns,1.2,rank_depth side training,,1,27,108.6558,5.0014,18.6404,0.84065,0,0
artillery,115,guns,1.2,rank_depth side,training,1,27,108.7617,4.7039,18.6408,0.84061,0,0
artillery,116,guns,1.2,rank_depth training,,1,26,108.8050,5.4764,18.7411,0.84044,0,0
artillery,117,guns,1.2,rank_depth,training,1,26,108.8791,5.4260,18.7364,0.84018,0,0
artillery,118,guns,1.2,,rank_depth,1,23,109.0490,6.4941,18.7951,0.83998,0,0
artillery,119,guns,1.2,,rank_depth side,1,24,109.2438,5.8887,18.7675,0.83999,0,0
artillery,120,guns,1.2,side,rank_depth,1,24,109.3065,6.0368,18.7968,0.83989,0,0
artillery,121,guns,1.2,training,rank_depth side,1,27,109.5780,5.6598,18.7807,0.83885,0,0
artillery,122,guns,1.2,,rank_depth side training,1,27,109.6205,5.2936,18.7680,0.83876,0,0
artillery,123,guns,1.2,side training,rank_depth,1,27,109.7803,5.8619,18.8416,0.83872,0,0
artillery,124,guns,1.2,training,rank_depth,1,26,109.7827,6.6067,18.9406,0.83858,0,0
artillery,125,guns,1.2,side,rank_depth training,1,27,109.8293,5.5357,18.8314,0.83856,0,0
artillery,126,guns,1.2,,rank_depth training,1,26,109.8329,6.5059,18.9343,0.83835,0,0
artillery,127,guns,1.2,,,1,22,111.6557,6.8352,18.6552,0.82838,0,0
artillery,128,guns,1.2,,side,1,23,111.8790,6.4399,18.6403,0.82800,0,0
artillery,129,guns,1.2,side,,1,23,111.9990,6.5349,18.6636,0.82790,0,0
artillery,130,guns,1.2,training,side,1,26,112.0731,6.1003,18.6352,0.82615,0,0
artillery,131,guns,1.2,,side training,1,26,112.1450,5.5746,18.6319,0.82630,0,0
artillery,132,guns,1.2,training,,1,25,112.3070,6.8404,18.7864,0.82640,0,0
artillery,133,guns,1.2,,training,1,25,112.3392,6.6826,18.7744,0.82621,0,0
artillery,134,guns,1.2,side training,,1,26,112.4205,6.1937,18.6935,0.82597,0,0
artillery,135,guns,1.2,side,training,1,26,112.5418,5.7479,18.6971,0.82598,0,0
artillery,136,guns,1.2,,,0,21,118.4172,5.2820,24.4124,0.81540,0,0
artillery,137,guns,1.2,,side,0,22,118.7071,4.3476,24.4256,0.81461,0,0
artillery,138,guns,1.2,side,,0,22,118.9389,4.4539,24.5137,0.81448,0,0
artillery,139,guns,1.2,,side training,0,25,119.2036,3.1896,24.4281,0.81241,0,0
artillery,140,guns,1.2,training,side,0,25,119.2183,3.7632,24.4525,0.81307,0,0
artillery,141,guns,1.2,,rank_depth,0,22,119.2605,6.9161,21.8242,0.77597,0,0
artillery,142,guns,1.2,training,,0,24,119.4913,4.7955,24.5980,0.81423,0,0
artillery,143,guns,1.2,side training,,0,25,119.5099,3.9979,24.5643,0.81309,0,0
artillery,144,guns,1.2,,training,0,24,119.5205,4.7352,24.5748,0.81346,0,0
artillery,145,guns,1.2,side,training,0,25,119.5256,3.6525,24.5610,0.81243,0,0
artillery,146,guns,1.2,,rank_depth side,0,23,119.5380,7.2892,21.8543,0.77324,0,0
artillery,147,guns,1.2,side,rank_depth,0,23,119.6975,7.0518,21.9076,0.77381,0,0
artillery,148,guns,1.2,training,rank_depth side,0,26,119.8191,7.2956,21.8707,0.77007,0,0
artillery,149,guns,1.2,,rank_depth side training,0,26,119.8230,6.7967,21.8385,0.77048,0,0
artillery,150,guns,1.2,,rank_depth training,0,25,119.8628,6.3763,21.9249,0.77380,0,0
artillery,151,guns,1.2,rank_depth,,0,22,119.9672,7.3102,22.3069,0.78565,0,0
artillery,152,guns,1.2,training,rank_depth,0,25,119.9893,6.8208,21.9591,0.77387,0,0
artillery,153,guns,1.2,side training,rank_depth,0,26,120.1372,6.9376,21.9628,0.77105,0,0
artillery,154,guns,1.2,side,rank_depth training,0,26,120.2423,6.4307,21.9509,0.77138,0,0
artillery,155,guns,1.2,rank_depth,side training,0,26,120.2746,6.3879,22.3258,0.78195,0,0
artillery,156,guns,1.2,rank_depth,side,0,23,120.3560,6.9925,22.3741,0.78394,0,0
artillery,157,guns,1.2,rank_depth training,side,0,26,120.3918,6.8098,22.3424,0.78153,0,0
artillery,158,guns,1.2,rank_depth side,,0,23,120.5439,7.0665,22.4221,0.78450,0,0
artillery,159,guns,1.2,rank_depth,training,0,25,120.5902,7.0909,22.4076,0.78317,0,0
artillery,160,guns,1.2,rank_depth training,,0,25,120.7023,7.2324,22.4366,0.78379,0,0
artillery,161,guns,1.2,rank_depth side,training,0,26,120.8251,6.3859,22.4371,0.78235,0,0
artillery,162,guns,1.2,rank_depth side training,,0,26,120.8319,6.8471,22.4343,0.78224,0,0
