faction_key,seg,offset,multiplier,army
denmark,cav_heavy,-0.0739096810789456,0.9287555742546258,7. Danmark
denmark,inf_grena,-0.12635235509065662,0.8813042600257794,7. Danmark
denmark,inf_line,-0.07420197378665486,0.9284841454432905,7. Danmark
ntw3_hre,cav_heavy,0.17293752574122187,1.188791833875374,9. Heiliges Römisches Reich
ntw3_hre,cav_light,0.14070841498730172,1.1510889587574926,9. Heiliges Römisches Reich
ntw3_hre,inf_grena,0.10396543760509062,1.1095621051292022,9. Heiliges Römisches Reich
ntw3_hre,inf_line,0.11820631817588693,1.125476293630714,9. Heiliges Römisches Reich
ntw3_tow_a03_x8_033,cav_heavy,0.047543701038272684,1.0486920290504116,[1799] 9. France (Rhin)
ntw3_tow_a03_x8_033,inf_line,0.08046916065188557,1.0837954225825435,[1799] 9. France (Rhin)
ntw3_tow_a03_x8_040,inf_grena,-0.10284279663052508,0.9022688020291126,[1799] 7. France (Hollande)
ntw3_tow_a05_x8_001,inf_line,-0.09593841266103997,0.9085199676729343,[1805] 11. France (Allemagne)
ntw3_tow_a05_x8_004,cav_heavy,0.050924976474177416,1.052243947270887,[1805] 6. France (Tyrol)
ntw3_tow_a05_x8_004,cav_light,0.0448036758214407,1.0458225195056727,[1805] 6. France (Tyrol)
ntw3_tow_a05_x8_004,cav_stand,-0.12461540800327975,0.8828363691043289,[1805] 6. France (Tyrol)
ntw3_tow_a05_x8_004,inf_grena,-0.07321629469796156,0.9293997840384118,[1805] 6. France (Tyrol)
ntw3_tow_a05_x8_004,inf_light,-0.08646206176656365,0.9171703439472776,[1805] 6. France (Tyrol)
ntw3_tow_a06_x8_002,art_horse,-0.061364848932312234,0.9404800440325902,[1806] 12. France (Prusse)
ntw3_tow_a06_x8_002,cav_heavy,-0.08415321599722354,0.9192903953096819,[1806] 12. France (Prusse)
ntw3_tow_a06_x8_002,cav_stand,-0.04008963007486185,0.9607033273821254,[1806] 12. France (Prusse)
ntw3_tow_a06_x8_002,inf_grena,-0.07811049542327193,0.9248622278540646,[1806] 12. France (Prusse)
ntw3_tow_a06_x8_002,inf_line,-0.07148059513967968,0.931014343622871,[1806] 12. France (Prusse)
ntw3_tow_a06_x8_002,staff,-0.06776950904660026,0.934475836983197,[1806] 12. France (Prusse)
ntw3_tow_a08_x8_047,cav_stand,0.04051866953408374,1.0413507510543765,[1809] 10. France (Autriche)
ntw3_tow_a08_x8_047,inf_grena,-0.08672094309328031,0.9169329364033272,[1809] 10. France (Autriche)
ntw3_tow_a08_x8_047,inf_line,-0.05466002701540896,0.946806982038452,[1809] 10. France (Autriche)
ntw3_tow_a09_x8_021,art_foot,-0.07103380910402453,0.9314304007679366,[1809] 10. France (Espagne)
ntw3_tow_a09_x8_021,cav_stand,-0.15404886064273174,0.8572301351728077,[1809] 10. France (Espagne)
ntw3_tow_a11_x8_027,art_horse,-0.09083583018963014,0.9131676131481037,[1812] 6. France (Russie-Nord)
ntw3_tow_a11_x8_027,cav_heavy,0.0677389045455629,1.0700858774428175,[1812] 6. France (Russie-Nord)
ntw3_tow_a11_x8_027,cav_light,-0.09000710921020984,0.9139246879654102,[1812] 6. France (Russie-Nord)
ntw3_tow_a11_x8_027,inf_light,-0.12254239770669599,0.8846683962371608,[1812] 6. France (Russie-Nord)
ntw3_tow_a11_x8_028,art_foot,-0.23867390753472137,0.7876716943028199,[1812] 11. France (Russie-Centre)
ntw3_tow_a11_x8_028,cav_heavy,-0.054256623933594865,0.9471890039421155,[1812] 11. France (Russie-Centre)
ntw3_tow_a11_x8_028,inf_grena,-0.06712402069460474,0.9350792249701991,[1812] 11. France (Russie-Centre)
ntw3_tow_a11_x8_029,inf_light,-0.09652498856517998,0.9079872080187308,[1812] 7. France (Russie-Sud)
ntw3_tow_a11_x8_029,inf_line,-0.0718774983311312,0.9306448943812415,[1812] 7. France (Russie-Sud)
ntw3_tow_a12_x8_003,cav_heavy,-0.18709902328435252,0.8293616062089084,[1815] 9. France (Flandres)
ntw3_tow_a12_x8_003,cav_stand,0.03244564904685778,1.032977748293029,[1815] 9. France (Flandres)
ntw3_tow_a12_x8_003,inf_line,-0.04938876533324055,0.9518110266305949,[1815] 9. France (Flandres)
ntw3_tow_a13_x8_022,art_foot,-0.07891069669520319,0.9241224479488599,[1811] 8. France (Espagne)
ntw3_tow_a13_x8_022,cav_stand,-0.05520081648150803,0.9462950972195707,[1811] 8. France (Espagne)
ntw3_tow_a17_x8_054,art_foot,-0.25219560897061866,0.7770927168946512,[1814] 8. France
ntw3_tow_a17_x8_054,cav_heavy,-0.14066505058752174,0.868780260406194,[1814] 8. France
ntw3_tow_a17_x8_054,cav_light,0.07614753823927214,1.0791217741394694,[1814] 8. France
ntw3_tow_a17_x8_054,inf_light,-0.18867219555036963,0.8280579032750452,[1814] 8. France
ntw3_tow_a17_x8_054,inf_line,-0.09639049734971425,0.9081093325341177,[1814] 8. France
ntw3_tow_b03_x8_039,cav_lance,-0.10659404808127092,0.8988905052584526,[1799] 9. Österreich (Italien)
ntw3_tow_b03_x8_039,inf_line,0.07048457681114087,1.0730280197892887,[1799] 9. Österreich (Italien)
ntw3_tow_b03_x8_042,cav_heavy,-0.06205248454837415,0.9398335587567422,[1799] 7. Österreich (Schwaben)
ntw3_tow_b03_x8_042,cav_light,-0.06004716311519609,0.9417201180824586,[1799] 7. Österreich (Schwaben)
ntw3_tow_b03_x8_042,inf_line,0.07779909129957362,1.08090547353965,[1799] 7. Österreich (Schwaben)
ntw3_tow_b03_x8_043,inf_line,0.11276734691740241,1.1193714774270755,"[1799] 7. UK, Russia (Helder)"
ntw3_tow_b04_x8_015,cav_light,-0.08582627654440479,0.9177536527080578,[1798] 8. Mamālīk
ntw3_tow_b04_x8_016,cav_heavy,0.07486167729521703,1.0777350653446338,"[1800] 8. Osmanlı, UK"
ntw3_tow_b05_x8_006,cav_heavy,-0.08638460095504209,0.9172413914580866,"[1805] 9. Rossiya, Österreich"
ntw3_tow_b05_x8_006,inf_grena,0.08883706562284023,1.0929025704189586,"[1805] 9. Rossiya, Österreich"
ntw3_tow_b05_x8_006,inf_line,0.04829112650104959,1.0494761411717144,"[1805] 9. Rossiya, Österreich"
ntw3_tow_b05_x8_007,cav_light,-0.076221828431029,0.9266106351760606,[1805] 8. Österreich
ntw3_tow_b05_x8_007,inf_grena,0.020788489121900285,1.0210060749061711,[1805] 8. Österreich
ntw3_tow_b06_x8_008,art_foot,-0.1688986980883956,0.8445944580856684,[1807] 9. Rossiya (Polsha)
ntw3_tow_b06_x8_008,cav_heavy,0.03517135938057774,1.0357971871572937,[1807] 9. Rossiya (Polsha)
ntw3_tow_b06_x8_008,inf_line,0.05050717687506865,1.051804411996777,[1807] 9. Rossiya (Polsha)
ntw3_tow_b06_x8_009,cav_stand,-0.048642361917879295,0.9525217268331844,[1806] 10. Preußen
ntw3_tow_b06_x8_009,inf_grena,0.19553217277457263,1.2159579140327244,[1806] 10. Preußen
ntw3_tow_b07_x8_018,inf_grena,0.1014627070564723,1.1067886422159543,[1808] 7. Sverige (Finska)
ntw3_tow_b07_x8_018,inf_line,0.09833051409518416,1.103327390105676,[1808] 7. Sverige (Finska)
ntw3_tow_b08_x8_044,inf_grena,-0.04936097193708445,0.9518374810591513,[1809] 10. Österreich
ntw3_tow_b08_x8_044,inf_line,0.06390352584464912,1.0659895533588502,[1809] 10. Österreich
ntw3_tow_b08_x8_045,cav_light,0.10103835972545928,1.1063190790456197,[1809] 6. UK (Walcheren)
ntw3_tow_b08_x8_045,inf_line,0.11330253437426761,1.1199707113383008,[1809] 6. UK (Walcheren)
ntw3_tow_b09_x8_019,inf_light,0.06966974605262415,1.0721540396753104,[1809] 9. España
ntw3_tow_b09_x8_019,inf_line,0.09851295525756748,1.1035287008003363,[1809] 9. España
ntw3_tow_b09_x8_020,cav_heavy,0.14506584487937477,1.156115692060166,"[1809] 10. UK, España, Portugal"
ntw3_tow_b11_x8_013,cav_lance,0.033225246547416,1.033783369152932,[1812] 10. Rossiya
ntw3_tow_b11_x8_013,cav_light,0.08103898799288584,1.0844131748357284,[1812] 10. Rossiya
ntw3_tow_b11_x8_013,cav_stand,-0.03996544234751204,0.9608226423535846,[1812] 10. Rossiya
ntw3_tow_b11_x8_013,inf_light,0.047381269349487866,1.0485217020667421,[1812] 10. Rossiya
ntw3_tow_b11_x8_014,cav_lance,-0.1604065967832666,0.8517973804717992,[1812] 8. Russkiy narod
ntw3_tow_b12_x8_011,art_foot,-0.10654647614601417,0.8989332682365224,[1815] 7. Preußen (Flandern)
ntw3_tow_b12_x8_011,cav_light,-0.06993389543837926,0.9324554574279093,[1815] 7. Preußen (Flandern)
ntw3_tow_b12_x8_012,cav_heavy,-0.1800923050654237,0.8351931152979969,"[1815] 9. UK, Nederlanden"
ntw3_tow_b12_x8_012,inf_line,0.06542907649099458,1.067617015483289,"[1815] 9. UK, Nederlanden"
ntw3_tow_b13_x8_049,cav_heavy,0.051873168406852486,1.053242149661835,"[1811] 9. UK, Portugal"
ntw3_tow_b13_x8_049,inf_light,-0.14280221524671088,0.8669255165894788,"[1811] 9. UK, Portugal"
ntw3_tow_b13_x8_049,inf_line,-0.09404635317635059,0.9102405687212692,"[1811] 9. UK, Portugal"
ntw3_tow_b13_x8_050,cav_heavy,0.059841473891432996,1.0616682310712526,[1811] 7. España
ntw3_tow_b13_x8_050,cav_light,0.07668790911174553,1.0797050576945946,[1811] 7. España
ntw3_tow_b13_x8_050,inf_light,0.0625577129258889,1.0645558957805097,[1811] 7. España
ntw3_tow_b13_x8_050,inf_line,0.0793696628507004,1.0826044467561111,[1811] 7. España
ntw3_tow_b14_x8_031,cav_light,0.05497745189254804,1.056516791952767,[1815] 6. Österreich (Italien)
ntw3_tow_b14_x8_031,inf_light,-0.10815601230191449,0.897487566406341,[1815] 6. Österreich (Italien)
ntw3_tow_b15_x8_052,art_foot,0.0929876584978149,1.0974481910252565,[1806] 9. Osmanlı
ntw3_tow_b15_x8_052,inf_line,-0.09133542085423559,0.9127115170735118,[1806] 9. Osmanlı
ntw3_tow_b15_x8_053,cav_heavy,0.07207927801618892,1.0747405439847735,[1804] 7. Irānshahr
ntw3_tow_b17_x8_055,cav_heavy,-0.09333735674623686,0.9108861548671303,[1814] 8. Österreich (Frankreich)
ntw3_tow_b17_x8_055,cav_light,-0.1158146680457235,0.8906402721047777,[1814] 8. Österreich (Frankreich)
ntw3_tow_b17_x8_055,inf_grena,0.09676791630766662,1.1016046794694339,[1814] 8. Österreich (Frankreich)
ntw3_tow_b17_x8_055,inf_line,0.09833644084763425,1.1033339292733666,[1814] 8. Österreich (Frankreich)
ntw3_tow_b17_x8_056,art_foot,0.11463018441776253,1.1214586279996752,[1814] 8. Preußen (Frankreich)
ntw3_tow_b17_x8_056,cav_heavy,-0.0777176865910965,0.9252255932676108,[1814] 8. Preußen (Frankreich)
ntw3_tow_b17_x8_057,art_foot,0.05958269037975911,1.061393524384497,[1814] 9. Rossiya (Frantsiya)
ntw3_tow_b17_x8_057,art_horse,0.0464737284785002,1.0475705574345955,[1814] 9. Rossiya (Frantsiya)
ntw3_tow_b17_x8_057,cav_heavy,-0.11149202233502671,0.8944985273843742,[1814] 9. Rossiya (Frantsiya)
ntw3_tow_b17_x8_057,cav_light,0.08459006866162956,1.0882708589176653,[1814] 9. Rossiya (Frantsiya)
ntw3_tow_b17_x8_057,inf_grena,0.10427272927345596,1.109903116711968,[1814] 9. Rossiya (Frantsiya)
ntw3_tow_b17_x8_057,inf_light,0.0642428325977614,1.0663513121831873,[1814] 9. Rossiya (Frantsiya)
ntw3_tow_b17_x8_057,inf_line,0.08316478555999013,1.0867208697015533,[1814] 9. Rossiya (Frantsiya)
ntw3_tow_c07_x8_017,cav_lance,-0.17721580494741535,0.837599007007692,[1808] 7. Rossiya (Finlyandiya)
ntw3_tow_c07_x8_017,inf_light,-0.20001601630356858,0.8187176401427103,[1808] 7. Rossiya (Finlyandiya)
ntw3_tow_c08_x8_048,cav_lance,-0.35806207521045125,0.6990296812451262,"[1809] 7. Polska, sojusznicy"
ntw3_tow_c10_x8_025,inf_line,-0.07928196490128729,0.923779414348083,[1812] 7. United States
ntw3_tow_c10_x8_025,inf_milit,-0.38311588229775595,0.6817338938183376,[1812] 7. United States
ntw3_tow_c14_x8_030,inf_grena,-0.08108801941188501,0.9221125240704477,[1815] 6. Napoli
ntw3_tow_c15_x8_051,cav_lance,0.05008444255060718,1.0513598721369548,"[1804] 8. Rossiya (Kavkaz, Dunau)"
ntw3_tow_c15_x8_051,inf_light,-0.216740234568379,0.8051390894458186,"[1804] 8. Rossiya (Kavkaz, Dunau)"
ntw3_tow_c15_x8_051,inf_line,-0.08990492824922756,0.9140180784395748,"[1804] 8. Rossiya (Kavkaz, Dunau)"
piedmont_savoy,cav_stand,0.10931258741680631,1.1155109905472926,8. Piemonte-Sardegna (1796)
piedmont_savoy,inf_light,-0.14386239497189085,0.8660069067653466,8. Piemonte-Sardegna (1796)
