,0
a,0.8990098080337733
b0,-80.6464452240889
b1,-56.47085460032706
b2,-32.905315088208695
b3,-11.676187160916937
b4,-1.8610406390806622
b5,43.33070748419167
a_star1,0.010259476763447272
a_star2,0.034441485696985984
a_star3,0.06203752750312756
a_star4,0.09517568077708166
a_star5,0.12003755471149484
army[britain],27.047756800461435
army[denmark],-14.980471592485408
army[france],-1.7897470266318367
army[ntw3_hre],22.860931931620424
army[ntw3_tow_a03_x8_032],-17.115316655854485
army[ntw3_tow_a03_x8_033],-12.120126430679939
army[ntw3_tow_a03_x8_038],10.424051438203064
army[ntw3_tow_a03_x8_040],-9.815610684606014
army[ntw3_tow_a04_x8_005],-27.190517957390213
army[ntw3_tow_a05_x8_001],-7.542050260117347
army[ntw3_tow_a05_x8_004],11.117717176002687
army[ntw3_tow_a06_x8_002],-26.118181661318253
army[ntw3_tow_a08_x8_047],-13.809558512620004
army[ntw3_tow_a09_x8_021],-20.554496525629858
army[ntw3_tow_a11_x8_027],12.585373475850824
army[ntw3_tow_a11_x8_028],-14.898927027772828
army[ntw3_tow_a11_x8_029],5.383561381315247
army[ntw3_tow_a12_x8_003],-6.99370149482003
army[ntw3_tow_a13_x8_022],-1.1791637183055759
army[ntw3_tow_a17_x8_054],-8.027526976836166
army[ntw3_tow_b03_x8_039],2.641845998854558
army[ntw3_tow_b03_x8_041],29.639876677865736
army[ntw3_tow_b03_x8_042],9.835129332335812
army[ntw3_tow_b03_x8_043],11.581083482789742
army[ntw3_tow_b04_x8_015],-21.60782658046962
army[ntw3_tow_b04_x8_016],7.469870238414324
army[ntw3_tow_b05_x8_006],1.9114090725701427
army[ntw3_tow_b05_x8_007],10.45863538761078
army[ntw3_tow_b06_x8_008],8.089509652063153
army[ntw3_tow_b06_x8_009],-9.953766538424642
army[ntw3_tow_b07_x8_018],-4.4680949101057825
army[ntw3_tow_b08_x8_044],-4.9975217983749545
army[ntw3_tow_b08_x8_045],22.044155804526397
army[ntw3_tow_b08_x8_046],22.97581913545122
army[ntw3_tow_b09_x8_019],-1.0726896294200472
army[ntw3_tow_b09_x8_020],-1.4389489603447732
army[ntw3_tow_b10_x8_026],-11.77779486796929
army[ntw3_tow_b11_x8_013],-14.67656889168947
army[ntw3_tow_b11_x8_014],-13.157355065928174
army[ntw3_tow_b12_x8_011],10.814139912688299
army[ntw3_tow_b12_x8_012],-2.823498427585469
army[ntw3_tow_b13_x8_049],-4.489011074490912
army[ntw3_tow_b13_x8_050],4.817179689021167
army[ntw3_tow_b14_x8_031],22.532736095939978
army[ntw3_tow_b15_x8_052],-11.211490376063946
army[ntw3_tow_b15_x8_053],-3.094092955840361
army[ntw3_tow_b17_x8_055],-1.892069693401877
army[ntw3_tow_b17_x8_056],13.910053208266747
army[ntw3_tow_b17_x8_057],-9.776620341720477
army[ntw3_tow_c07_x8_017],6.056311890856175
army[ntw3_tow_c08_x8_048],-10.227853238916245
army[ntw3_tow_c10_x8_025],16.99303328086197
army[ntw3_tow_c14_x8_030],13.272573775756081
army[ntw3_tow_c15_x8_051],-16.324010485467248
army[piedmont_savoy],20.661822028988
