term,x,coef,lo,hi
const,intercept,-10.817378730372322,,
log_men,ln(men_raw),2.345461949592407,4.852030263919617,6.113682179832232
ammo,ammo,0.003573984665616444,25.0,70.0
morale,morale,-0.0202729426799288,0.0,16.0
melee_attack,melee_attack,0.030699007994295754,6.0,23.0
melee_defense,melee_defense,-0.013725008909076167,1.0,15.0
charge_bonus,charge_bonus,-0.052407811710913674,9.0,30.0
projectile_damage0,projectile_damage,0.09075502644588114,0.48,0.83
speed_num,speed digit,0.0735342357548759,1.0,5.0
can_form_square,[can_form_square],0.13049366100498921,,
has_stamina,[has_stamina],0.09733687153971113,,
is_shock_resistant,[is_shock_resistant],0.08495490830585321,,
can_inspire,[can_inspire],0.09038326686890318,,
can_place_stakes,[can_place_stakes],0.23474890148693806,,
pike_square,[pike_square],0.02459615156511019,,
log_accuracy,ln(1 + accuracy),-0.007490926170453779,2.3978952727983707,3.4339872044851463
log_reload_skill,ln(1 + reload_skill),0.22365454562821888,2.302585092994046,4.574710978503383
log_ammo,ln(1 + ammo),-0.17241927653453412,3.258096538021482,4.2626798770413155
log_morale,ln(1 + morale),-0.21973942430159815,0.0,2.833213344056216
log_melee_defense,ln(1 + melee_defense),0.2009120162728366,0.6931471805599453,2.772588722239781
log_charge_bonus,ln(1 + charge_bonus),1.1976733490456823,2.302585092994046,3.4339872044851463
men_raw,men_raw,-0.005754227972103635,128.0,452.0
log_projectile_reload_time0,ln(1 + projectile_reload_time),0.18723959468459261,2.70805020110221,3.044522437723423
log_men*morale,ln(men_raw) × morale,0.02905983563290252,0.0,91.47244322249955
morale*accuracy,morale × accuracy,-0.0027665384943201883,0.0,464.0
accuracy^2,accuracy²,0.0006782084888268043,100.0,900.0
